elapsed_seconds,cpuTemp,cpuTime
0.000110,0.0,0.0
1.007975,0.0,0.0
2.014804,56.8,9753516.0
3.023374,57.6,10753175.0
4.033957,57.7,11803564.0
5.048781,57.7,12803960.0
6.058652,57.9,13802981.0
7.066667,58.2,14803729.0
8.076057,58.0,15803834.0
9.086749,58.1,16853700.0
10.101209,58.0,17853512.0
11.108926,58.4,18853138.0
12.115944,58.6,20452878.0
13.700025,58.1,21453686.0
14.709494,58.2,22453014.0
15.718033,58.1,23453572.0
16.726851,58.4,24453138.0
17.735959,58.2,25502960.0
18.750174,58.4,26502630.0
19.759242,58.3,27503618.0
20.767075,58.3,28753046.0
22.008959,58.4,29753004.0
23.016943,58.3,30753226.0
24.025321,58.5,32753458.0
26.008622,58.4,33753056.0
27.015961,58.3,34753416.0
28.022915,58.6,35753064.0
29.029918,58.3,36753736.0
30.038172,58.3,37803724.0
31.052855,58.1,38803560.0
32.061932,58.5,41202584.0
34.481779,58.3,42203704.0
35.491031,58.4,43252864.0
36.505110,58.4,44753592.0
38.008307,58.2,45752744.0
39.016125,58.1,46752856.0
40.022955,58.1,47753036.0
41.033668,58.8,48753612.0
42.043300,58.4,49803888.0
43.054937,58.7,50802964.0
44.063199,58.3,52751696.0
46.007288,58.0,53751516.0
47.014777,58.4,54751424.0
48.022466,58.2,56752168.0
50.007551,58.6,57751544.0
51.014602,58.3,58752516.0
52.020994,58.5,59751520.0
53.029183,58.1,60751508.0
54.039265,58.1,61802540.0
55.052461,58.4,62803672.0
56.062640,58.3,64752740.0
58.008932,58.0,65752684.0
59.016483,58.5,66752724.0
60.023928,58.1,67752224.0
61.032232,58.3,68752672.0
62.042127,58.4,69803504.0
63.056232,58.2,70802976.0
64.065147,58.4,72752216.0
66.009746,58.2,73752800.0
67.017055,58.2,74752976.0
68.025224,58.5,75752056.0
69.033555,57.9,76752712.0
70.041923,58.0,77803104.0
71.056047,58.4,78803104.0
72.065304,58.5,80752712.0
74.011050,58.1,81752728.0
75.017937,58.1,82752968.0
76.025920,58.3,83752528.0
77.036027,58.3,85302360.0
78.597287,58.2,87352608.0
80.628296,58.1,88352912.0
81.638170,58.6,89352088.0
82.647717,58.2,90402104.0
83.658127,58.1,91402952.0
84.666745,58.3,92402704.0
85.674594,58.6,93402512.0
86.683094,58.4,94402880.0
87.693344,58.1,95452408.0
88.707517,58.4,96452616.0
89.716125,58.2,97452600.0
90.724986,58.4,98452360.0
91.733580,58.2,99452584.0
92.743463,58.1,100502088.0
93.757928,58.2,101502744.0
94.765936,58.5,102502464.0
95.774716,57.8,103502368.0
96.783151,58.3,104502944.0
97.793058,58.0,105552736.0
98.807037,58.4,106552056.0
99.816144,58.0,107552400.0
100.823940,58.1,108552344.0
101.831925,58.1,109552456.0
102.841305,58.0,110602096.0
103.855073,58.3,111602504.0
104.864726,58.1,112602456.0
105.871805,58.1,113602200.0
106.879553,58.1,114602048.0
107.890531,58.3,115601824.0
108.903957,58.1,116652408.0
109.913629,58.1,117652576.0
110.921669,57.9,118652232.0
111.929988,58.1,119651960.0
112.939754,58.0,120652496.0
113.948953,58.1,121702712.0
114.961883,58.1,122701976.0
115.969867,58.0,123702512.0
116.978075,58.0,124702376.0
117.987879,58.0,125702376.0
118.996105,58.1,126752632.0
120.009750,57.9,127752096.0
121.018960,57.9,128751800.0
122.026920,57.9,129752032.0
123.034482,58.0,130752752.0
124.044577,58.0,131802824.0
125.058532,58.0,132802832.0
126.068438,57.9,133802728.0
127.076967,58.0,134802832.0
128.084644,58.1,135802368.0
129.095062,57.9,136852176.0
130.107919,58.2,137851888.0
131.116935,57.9,138851856.0
132.124200,58.0,139852096.0
133.132392,58.0,140852048.0
134.140956,57.7,141852496.0
135.150159,57.9,142901968.0
136.162614,58.1,143901856.0
137.169922,58.2,144902032.0
138.177069,57.9,145901984.0
139.185113,57.7,146902592.0
140.195402,58.0,147951664.0
141.209583,58.1,148952272.0
142.219893,58.0,149952352.0
143.227538,58.1,150951936.0
144.236208,57.9,151952032.0
145.246436,57.9,153001760.0
146.260963,57.9,154001968.0
147.269942,57.8,155001872.0
148.277336,58.2,156002080.0
149.285503,57.8,157001536.0
150.295461,57.9,158051936.0
151.309552,57.8,159051664.0
152.319938,58.1,160051472.0
153.328991,57.8,161052400.0
154.337219,57.8,162051904.0
155.346956,57.9,163101888.0
156.362075,57.8,164101648.0
157.370510,57.8,165102000.0
158.378673,58.2,166101744.0
159.388910,58.1,167101776.0
160.400933,57.9,168151936.0
161.412929,57.8,169151712.0
162.419929,57.8,170151776.0
163.425932,57.5,171152160.0
164.435925,57.7,172152192.0
165.445917,57.8,173151840.0
166.459787,57.7,174201856.0
167.467925,58.0,175201616.0
168.475086,57.8,176201968.0
169.481950,57.7,177201632.0
170.489078,57.9,178201504.0
171.498941,57.8,179251712.0
172.512128,57.7,180251136.0
173.519927,57.8,181251712.0
174.525922,57.7,182251776.0
175.532923,58.2,183251536.0
176.539965,57.9,184251792.0
177.549737,57.8,185302352.0
178.563555,57.7,186301760.0
179.571918,57.6,187301424.0
180.579239,57.8,188301440.0
181.586889,57.8,189301712.0
182.596943,57.9,190351376.0
183.609953,57.8,191351344.0
184.618932,57.8,192351536.0
185.625930,57.7,193351712.0
186.633631,57.9,194351680.0
187.640918,57.6,195352160.0
188.650229,57.9,196401920.0
189.663930,57.5,197401488.0
190.672548,57.6,198401456.0
191.680413,57.9,199401440.0
192.688972,58.1,200402192.0
193.698939,57.4,201451760.0
194.712381,58.0,202452032.0
195.721927,57.9,203451488.0
196.727936,57.9,204451232.0
197.735663,57.6,205451824.0
198.744938,57.8,206451376.0
199.752964,57.7,207501392.0
200.766786,57.6,208501712.0
201.774994,57.6,209501184.0
202.782654,57.7,210501408.0
203.790966,57.6,211501728.0
204.801004,57.9,212551552.0
205.814169,57.9,213551952.0
206.824167,57.6,214551232.0
207.833043,58.0,215551504.0
208.839936,57.9,216551232.0
209.848988,57.7,217601472.0
210.863964,57.5,218601472.0
211.873410,57.6,219601376.0
212.881892,57.5,220601568.0
213.890959,57.6,221601184.0
214.901608,57.3,222651712.0
215.915258,57.9,223651744.0
216.924975,57.6,224651184.0
217.933992,57.7,225651200.0
218.942628,57.3,226651776.0
219.951812,57.8,227701680.0
220.965566,57.6,228701200.0
221.975285,57.7,229701104.0
222.982957,57.6,230701376.0
223.991012,57.5,231701648.0
225.001449,57.8,232751616.0
226.014535,57.8,234801760.0
228.083927,57.5,235802352.0
229.090940,57.6,236801696.0
230.100501,57.3,237801968.0
231.113386,57.6,238851232.0
232.122784,57.6,239851376.0
233.130951,58.0,240851232.0
234.139065,57.6,241852032.0
235.149160,57.3,242851728.0
236.158872,57.5,243901936.0
237.170234,57.5,244901760.0
238.178533,57.5,245901024.0
239.187207,57.3,246901408.0
240.195828,57.7,247901376.0
241.205545,57.6,248951504.0
242.218978,57.6,249951360.0
243.228028,57.5,250951104.0
244.236828,57.5,251951392.0
245.244803,57.6,252951680.0
246.254595,57.5,254001184.0
247.269230,57.6,255001232.0
248.277513,57.5,256000880.0
249.285518,57.4,257001040.0
250.294506,57.2,258001408.0
251.304541,57.5,259051568.0
252.318762,57.5,260051424.0
253.327485,57.6,261051424.0
254.336744,57.7,262051008.0
255.345366,57.2,263050720.0
256.355189,57.7,264101168.0
257.370183,57.6,265101120.0
258.378369,57.7,266101200.0
259.386933,57.4,267100976.0
260.395702,57.6,268100608.0
261.405669,57.6,269151840.0
262.419284,57.5,270151776.0
263.428941,57.3,271151200.0
264.437509,57.6,272151104.0
265.447747,57.9,273151072.0
266.457279,57.2,274201408.0
267.472753,57.5,275201664.0
268.481036,57.7,276201504.0
269.490540,57.2,277201440.0
270.500847,57.6,278201248.0
271.510947,56.9,279250624.0
272.521721,57.2,280251168.0
273.529557,57.3,281251232.0
274.538274,56.8,282251168.0
275.547384,57.0,283250240.0
276.556549,57.5,284300832.0
277.571878,57.1,285300992.0
278.580579,57.4,286300608.0
279.590534,57.2,287301184.0
280.601522,57.6,288301376.0
281.610773,57.4,289350784.0
282.621837,57.2,290350592.0
283.630230,57.4,291350560.0
284.639962,57.5,292351520.0
285.648745,57.3,293350688.0
286.658550,57.2,294401312.0
287.673593,57.1,295401216.0
288.681638,57.2,296401344.0
289.689970,57.1,297401088.0
290.697919,57.1,298401344.0
291.707355,57.2,299451040.0
292.720917,57.5,300450400.0
293.729329,57.6,301450464.0
294.738381,57.3,302451168.0
295.746942,57.5,303450464.0
296.757346,57.7,304501024.0
297.772383,57.2,305500800.0
298.780601,57.0,306501152.0
299.789514,57.0,307501152.0
300.798164,57.2,308500704.0
301.807307,57.3,309550624.0
302.822058,57.7,310550112.0
303.830440,57.0,311551488.0
304.838701,56.8,312550784.0
305.847410,57.7,313550592.0
306.856816,57.5,314600704.0
307.871438,57.2,315600704.0
308.880332,57.5,316601056.0
309.887922,57.5,317600736.0
310.894934,57.2,318600768.0
311.903994,57.2,319600352.0
312.916932,57.4,320650656.0
313.926132,57.6,321650208.0
314.934182,57.3,322650368.0
315.942938,56.9,323650848.0
316.953441,57.3,324650560.0
317.963254,56.8,325700640.0
318.973746,57.2,326700416.0
319.982354,56.9,327700512.0
320.990661,57.5,328700384.0
321.997933,57.1,329700192.0
323.018496,57.3,330750720.0
324.027355,56.8,331750624.0
325.034740,56.8,332750816.0
326.043548,56.5,334700352.0
328.009932,56.8,335750752.0
329.025223,57.5,336750784.0
330.034381,57.1,337750592.0
331.042893,57.2,338750880.0
332.051922,56.8,340700544.0
334.011953,57.0,341750432.0
335.025951,57.0,342750144.0
336.033933,57.2,344700192.0
338.010220,57.1,345749952.0
339.023928,57.0,346749984.0
340.031683,57.0,347750048.0
341.039918,57.3,348749984.0
342.045932,56.8,349750784.0
343.054925,57.2,350750624.0
344.062921,57.0,352700480.0
346.012762,57.5,353750464.0
347.024924,57.4,354750080.0
348.032952,57.0,355750048.0
349.041951,56.8,356749984.0
350.049921,57.1,357750464.0
351.059755,56.5,358800736.0
352.074281,57.2,360699904.0
354.014215,56.8,361749920.0
355.024913,57.3,362750496.0
356.032810,56.9,363750368.0
357.042470,56.8,364750592.0
358.050408,56.8,365750400.0
359.058934,57.0,366800384.0
360.072956,57.2,368700096.0
362.008637,57.0,369749856.0
363.022594,56.8,370749792.0
364.031943,56.8,371749696.0
365.041122,57.0,372749344.0
366.048917,57.0,373750016.0
367.057188,57.3,374749888.0
368.070176,57.5,376700032.0
370.010429,57.3,377749920.0
371.023924,57.0,378749824.0
372.031821,56.6,379750176.0
373.039283,56.5,380750400.0
374.045936,56.8,381749728.0
375.054952,56.5,382750144.0
376.062942,56.9,384700000.0
378.009238,56.7,385749472.0
379.021923,56.7,386749632.0
380.029953,57.0,387749504.0
381.037069,,
387.046182,,
393.052944,56.4,402849440.0
396.148058,56.7,403849696.0
397.157848,56.9,404849472.0
398.172174,56.5,405899488.0
399.181934,56.3,406899968.0
400.188986,56.2,407899520.0
401.197346,56.8,408899488.0
402.207973,56.8,409899872.0
403.215945,56.8,410949472.0
404.227533,57.0,411949568.0
405.236016,56.8,412950016.0
406.244514,56.5,413949472.0
407.252256,56.5,414949440.0
408.261809,56.5,415999328.0
409.276689,56.4,416999712.0
410.285527,56.4,417999680.0
411.293626,57.0,418999168.0
412.302404,56.2,419999456.0
413.312330,56.7,421049856.0
414.327323,56.3,422049344.0
415.335661,56.2,423049664.0
416.343942,56.9,424049696.0
417.352583,56.3,425049600.0
418.363153,56.3,426099424.0
419.377989,56.8,427099136.0
420.385891,56.5,428099584.0
421.393918,56.5,429099072.0
422.400953,56.9,430099776.0
423.409939,55.9,431099552.0
424.423793,57.0,432149248.0
425.432946,57.2,433149568.0
426.439924,56.8,434149088.0
427.445924,57.4,435149216.0
428.453502,56.5,436149248.0
429.463409,56.3,437199168.0
430.478219,56.5,438199040.0
431.486345,56.2,439199072.0
432.493003,56.8,440199168.0
433.500811,56.3,441199200.0
434.511109,56.5,442249504.0
435.524201,56.3,443249664.0
436.533018,56.3,444249536.0
437.540736,56.5,445249088.0
438.548965,57.0,446249376.0
439.559091,56.4,447249120.0
440.567928,56.5,448299072.0
441.579287,56.2,449299520.0
442.586920,56.5,450299360.0
443.593939,57.0,451299136.0
444.600990,56.6,452298912.0
445.610545,56.4,453349536.0
446.624037,56.3,454349408.0
447.632652,56.7,455349408.0
448.640923,56.3,456349152.0
449.648645,56.5,457349568.0
450.656914,56.5,458349440.0
451.665014,56.2,459399232.0
452.678945,56.7,460398752.0
453.686962,56.7,461398912.0
454.694343,56.4,462398752.0
455.701589,56.6,463399008.0
456.710938,56.5,464399360.0
457.723919,56.5,465449440.0
458.731945,56.3,466449344.0
459.738941,56.7,467448480.0
460.746468,56.5,468449344.0
461.754919,56.3,469448992.0
462.764126,56.2,470498912.0
463.777977,56.3,471498976.0
464.785947,56.3,472499360.0
465.791955,56.3,473498816.0
466.798985,56.3,474498464.0
467.807949,56.3,475498912.0
468.815948,56.0,476548608.0
469.829558,56.5,477549184.0
470.837930,56.0,478548704.0
471.845781,56.2,479549056.0
472.852977,56.5,480547808.0
473.863146,56.0,481598112.0
474.875958,56.5,482598016.0
475.884944,56.5,483598368.0
476.892751,56.3,484597952.0
477.900863,56.2,485598048.0
478.910995,56.2,486648032.0
479.923946,56.2,487648032.0
480.932928,56.0,488648064.0
481.940195,56.5,489649024.0
482.947928,56.0,490648800.0
483.953914,56.0,491647872.0
484.961924,56.5,492649056.0
485.975034,56.3,493698592.0
486.983925,56.2,494698816.0
487.991178,56.0,495699072.0
489.000412,56.3,496698880.0
490.008925,,
496.017778,,
502.024917,56.3,511799168.0
505.083038,56.2,512799072.0
506.090921,56.2,513798752.0
507.098271,55.9,514799328.0
508.106593,56.4,515799584.0
509.116348,56.2,516848928.0
510.128917,56.4,517848800.0
511.137941,56.5,518848832.0
512.146725,56.0,519848928.0
513.153966,56.4,520848704.0
514.164731,56.3,521898816.0
515.178958,56.5,522899072.0
516.188616,55.9,523898880.0
517.196810,56.0,524898784.0
518.204417,56.2,525898016.0
519.214925,56.5,526948768.0
520.226917,56.4,527948896.0
521.236127,56.0,528948736.0
522.243361,56.3,529948416.0
523.251831,56.2,530948704.0
524.260941,56.7,531948736.0
525.270342,56.1,532998720.0
526.283358,56.1,533998656.0
527.290944,56.1,534998784.0
528.298522,56.0,535998496.0
529.305943,56.2,536998912.0
530.316008,56.0,538048640.0
531.328936,56.1,539048832.0
532.338546,56.3,540048704.0
533.345341,56.0,541048640.0
534.353182,56.2,542048576.0
535.363168,56.3,543048448.0
536.372493,55.8,544098816.0
537.383939,56.2,545098880.0
538.390950,56.6,546098112.0
539.398935,56.0,547098176.0
540.405956,56.2,548098496.0
541.416745,55.8,549148928.0
542.430059,56.3,550148032.0
543.438948,55.9,551148544.0
544.444930,56.1,552148736.0
545.453540,56.2,553148480.0
546.463512,56.0,554149504.0
547.472938,56.2,555198080.0
548.484084,56.0,556198400.0
549.491922,56.0,557198656.0
550.499321,55.8,558198720.0
551.506983,55.7,559199424.0
552.517666,56.2,560248192.0
553.531443,56.1,561248448.0
554.540438,56.2,562247744.0
555.546935,56.3,563248640.0
556.554892,56.3,564248064.0
557.564311,56.4,565248576.0
558.573350,56.3,566298752.0
559.585018,56.0,567298048.0
560.591943,56.2,568298048.0
561.599609,56.5,569297920.0
562.606932,56.0,570298176.0
563.616880,56.6,571348416.0
564.629938,56.2,572348992.0
565.638939,56.3,573348032.0
566.645948,56.2,574347968.0
567.653997,56.2,575348416.0
568.662930,55.7,576348032.0
569.671995,56.0,577398208.0
570.685221,56.0,578398464.0
571.692944,56.0,579398336.0
572.699930,56.1,580397824.0
573.707927,55.9,581398208.0
574.717772,56.0,582448448.0
575.730939,56.2,583448192.0
576.740963,55.5,584448000.0
577.749614,56.3,585447680.0
578.757269,55.7,586448000.0
579.766976,56.0,587497920.0
580.779923,56.2,588498240.0
581.788621,56.0,589498432.0
582.794943,56.1,590498368.0
583.803299,55.8,591498112.0
584.810923,56.0,592498176.0
585.819770,55.8,593547968.0
586.832936,55.7,594547904.0
587.841707,55.8,595548032.0
588.849524,56.0,596548544.0
589.856924,56.0,597548416.0
590.866719,56.0,598597248.0
591.879918,55.7,599597760.0
592.888701,56.1,600597184.0
593.895923,56.1,601597504.0
594.903937,55.8,602597696.0
595.912939,55.8,603598144.0
596.921293,55.8,604648448.0
597.934769,55.9,605647424.0
598.942949,56.0,606647808.0
599.951473,56.0,607647104.0
600.958942,56.3,608647424.0
601.968965,55.7,609697664.0
602.981949,56.2,610698176.0
603.991375,56.2,611697216.0
604.998931,55.8,612698176.0
606.005943,55.8,613697984.0
607.014921,55.8,614697984.0
608.023009,56.0,615748096.0
609.034945,,
615.043931,,
621.046923,55.8,631847808.0
625.141554,55.7,632847104.0
626.148919,55.9,633846976.0
627.156144,55.8,634847552.0
628.165512,56.2,635847616.0
629.172979,55.7,636897024.0
630.186222,55.5,637896960.0
631.193919,56.0,638897472.0
632.200941,56.1,639896960.0
633.208251,56.0,640897152.0
634.217938,55.7,641897472.0
635.229920,55.8,642947136.0
636.237961,56.0,643946944.0
637.245855,56.2,644947392.0
638.253977,55.8,645947520.0
639.261972,55.6,646947072.0
640.270934,55.7,647997120.0
641.285497,55.8,648997056.0
642.292943,55.6,649997440.0
643.301349,55.7,650997696.0
644.308939,55.3,651997184.0
645.319138,55.5,653047040.0
646.331918,55.8,654047104.0
647.340556,55.5,655046976.0
648.347556,55.8,656047360.0
649.355322,56.0,657046912.0
650.363935,55.7,658047232.0
651.371931,56.0,659096832.0
652.385929,56.0,660097216.0
653.393141,55.7,661097216.0
654.401485,55.8,662097216.0
655.409288,55.8,663097216.0
656.418535,56.1,664147392.0
657.431933,55.7,665146944.0
658.440974,55.9,666147136.0
659.447947,55.7,667147392.0
660.454944,55.7,668147136.0
661.462925,56.0,669146752.0
662.472494,56.1,670196800.0
663.486701,55.5,671196992.0
664.495068,55.7,672197376.0
665.502922,55.8,673196864.0
666.509921,55.7,674197120.0
667.519793,55.8,675247168.0
668.533459,55.9,676247104.0
669.543149,55.5,677246848.0
670.550922,55.7,678246848.0
671.558435,55.7,679246528.0
672.567946,55.8,680246784.0
673.580920,55.8,681297088.0
674.589940,55.6,682297088.0
675.596975,55.7,683296640.0
676.606373,55.7,684296832.0
677.614957,55.8,685296576.0
678.623938,55.7,686346624.0
679.636922,55.7,687346880.0
680.644950,56.0,688346944.0
681.651943,55.6,689346880.0
682.657963,56.0,690346816.0
683.666954,55.8,691347264.0
684.675208,56.0,692396672.0
685.686932,55.7,693396864.0
686.694948,55.8,694396992.0
687.701919,56.0,695396096.0
688.709573,55.6,696396608.0
689.718917,55.7,697446464.0
690.731950,55.8,698446848.0
691.740969,55.8,699446656.0
692.747960,55.8,700446656.0
693.755941,55.6,701447360.0
694.762936,55.7,702446336.0
695.772304,56.1,703496832.0
696.786722,55.7,704496640.0
697.795179,55.3,705496896.0
698.802970,55.7,706496384.0
699.810465,55.3,707496768.0
700.819918,55.8,708546688.0
701.832950,55.8,709546368.0
702.842255,55.6,710546752.0
703.848953,55.5,711546688.0
704.856792,55.3,712546240.0
705.864561,55.8,713546560.0
706.873639,55.9,714596224.0
707.887620,55.3,715596224.0
708.895935,55.8,716596544.0
709.902932,55.5,717596352.0
710.909959,55.5,718596096.0
711.918920,55.8,719595904.0
712.931942,55.8,720645824.0
713.941323,55.8,721645632.0
714.947961,55.8,722645632.0
715.955955,56.0,723645760.0
716.962997,55.9,724645824.0
717.971961,55.5,725695936.0
718.984933,55.6,726695808.0
719.993937,55.7,727695808.0
721.000924,55.5,728695872.0
722.008790,55.5,729696448.0
723.018750,55.7,730696064.0
724.027691,55.6,731746240.0
725.036929,55.5,732746688.0
726.045881,55.8,733746176.0
727.053517,55.3,734745920.0
728.059930,55.2,735746880.0
729.068928,,
735.077922,,
741.080990,55.8,751846208.0
745.141933,55.5,752846400.0
746.149259,55.7,753846080.0
747.157008,55.7,754846464.0
748.165873,55.0,755845888.0
749.175564,55.6,756895808.0
750.190051,56.0,757896192.0
751.198109,55.5,758896000.0
752.207657,55.5,759896384.0
753.216880,55.5,760896256.0
754.226274,55.8,761945856.0
755.239548,55.5,762946752.0
756.247850,55.6,763945664.0
757.254941,55.6,764945856.0
758.263830,55.3,765945664.0
759.274013,55.6,766996096.0
760.287940,55.5,767996224.0
761.296672,55.5,768996544.0
762.304721,55.2,769995904.0
763.312861,55.5,770995776.0
764.323114,55.6,772045824.0
765.335110,55.7,773046080.0
766.344382,55.6,774045120.0
767.353205,55.5,775045760.0
768.361475,55.5,776045952.0
769.372139,55.8,777096192.0
770.386222,55.7,778095872.0
771.395639,55.5,779095680.0
772.402933,55.5,780095808.0
773.409941,55.6,781096064.0
774.419368,55.7,782095488.0
775.428764,55.5,783145920.0
776.439650,55.3,784145920.0
777.446972,55.7,785145984.0
778.453917,55.6,786145856.0
779.459945,55.8,787145600.0
780.467682,55.2,788145600.0
781.476968,55.4,789195520.0
782.489834,55.5,790195648.0
783.497643,55.1,791195712.0
784.505949,55.7,792196032.0
785.514397,55.3,793196096.0
786.524269,55.5,794245504.0
787.538419,55.5,795246336.0
788.547538,55.8,796246208.0
789.555424,55.5,797245888.0
790.563188,55.7,798245696.0
791.572928,55.8,799295488.0
792.585941,55.7,800295936.0
793.594659,55.5,801295744.0
794.602374,55.8,802295680.0
795.610211,55.6,803295488.0
796.618917,55.3,804295232.0
797.625944,55.6,805345728.0
798.637946,55.4,806345408.0
799.646629,55.6,807345600.0
800.654269,55.3,808345600.0
801.662023,55.5,809345536.0
802.671931,55.5,810395904.0
803.685629,55.1,811395648.0
804.694937,55.3,812395392.0
805.701925,55.3,813395584.0
806.709957,55.5,814395008.0
807.719753,55.0,815394944.0
808.734387,55.6,816444992.0
809.743926,55.3,817445504.0
810.751575,55.5,818444800.0
811.759774,55.6,819445696.0
812.770466,55.1,820445632.0
813.779475,55.7,821494976.0
814.790227,55.3,822495744.0
815.798332,55.2,823495104.0
816.806307,55.3,824495552.0
817.815501,55.7,825495744.0
818.825962,55.4,826545344.0
819.839994,55.6,827545472.0
820.848323,55.5,828545216.0
821.856683,55.4,829545600.0
822.864664,55.3,830545152.0
823.874618,55.5,831595136.0
824.887639,55.2,832595264.0
825.897931,55.6,833595072.0
826.904984,55.3,834595520.0
827.912930,55.3,835595328.0
828.922979,55.3,836645440.0
829.940838,55.5,837645440.0
830.949115,55.5,838645376.0
831.957539,55.5,839645440.0
832.965370,55.3,840645760.0
833.975301,55.3,841695488.0
834.990044,55.6,842695168.0
835.997921,55.5,843695104.0
837.005419,55.3,844695168.0
838.013804,55.0,845695104.0
839.024457,55.3,846745920.0
840.038494,55.3,847745472.0
841.048142,55.3,848745536.0
842.056961,55.3,849744896.0
843.065547,55.4,850745216.0
844.075774,55.2,851795072.0
845.090681,55.5,852794752.0
846.099498,55.1,853795008.0
847.108645,55.3,854795200.0
848.116668,55.3,855795584.0
849.126131,,
855.132659,,
861.141115,55.3,871895040.0
865.203926,55.5,872894976.0
866.212007,55.5,873895232.0
867.220654,55.3,874894848.0
868.230055,55.4,875944960.0
869.241642,55.5,876945408.0
870.250017,55.3,877944960.0
871.258002,55.3,878944768.0
872.266944,55.7,879945024.0
873.277098,55.8,880995392.0
874.292643,55.3,881994944.0
875.301357,55.5,882994880.0
876.309261,55.4,883994816.0
877.317423,55.3,884994048.0
878.326764,55.0,886044608.0
879.340540,55.3,887044864.0
880.349118,55.7,888045056.0
881.356184,55.3,889044736.0
882.364055,55.3,890045120.0
883.374003,55.1,891094976.0
884.388215,55.5,892094656.0
885.396581,55.1,893094464.0
886.402949,55.3,894094656.0
887.410790,55.3,895094656.0
888.419346,55.1,896094912.0
889.429116,55.3,897144576.0
890.442334,55.5,898144960.0
891.450879,54.9,899144384.0
892.459555,55.3,900144960.0
893.467399,55.5,901144768.0
894.476719,55.2,902194240.0
895.492104,55.0,903194240.0
896.500739,55.3,904194560.0
897.509305,54.9,905195136.0
898.517514,55.3,906194496.0
899.527135,55.3,907245056.0
900.541106,55.7,908244928.0
901.550128,55.3,909244160.0
902.558289,55.3,910244736.0
903.566613,55.0,911244992.0
904.576408,55.2,912294656.0
905.590373,55.0,913295040.0
906.599928,55.0,914294400.0
907.608149,55.3,915294208.0
908.616800,55.1,916294848.0
909.626780,55.3,917344960.0
910.640359,55.3,918344640.0
911.649803,55.3,919344640.0
912.657971,55.5,920344576.0
913.666778,55.2,921344704.0
914.676785,55.2,922394112.0
915.692502,54.8,923394432.0
916.700678,55.3,924394176.0
917.709037,55.0,925394944.0
918.715953,54.9,926394176.0
919.726333,55.1,927444224.0
920.739933,55.3,928444352.0
921.749543,55.2,929444480.0
922.757560,55.0,930445184.0
923.765572,55.0,931444480.0
924.775843,55.0,932494784.0
925.789468,55.0,933494080.0
926.798710,55.0,934494592.0
927.805266,55.3,935494016.0
928.812981,55.2,936494208.0
929.821959,55.1,937494656.0
930.831733,55.2,938544192.0
931.843767,55.2,939544576.0
932.851778,55.1,940544192.0
933.858929,55.0,941544192.0
934.867230,55.5,942544128.0
935.877362,55.2,943595008.0
936.890803,55.2,944594048.0
937.900720,55.1,945594304.0
938.908940,55.2,946593920.0
939.916633,55.0,947594048.0
940.926467,55.1,948644480.0
941.940235,55.5,949644480.0
942.948972,55.0,950644608.0
943.956477,55.1,951644032.0
944.964502,55.3,952644352.0
945.974115,55.2,953644672.0
946.988269,55.1,954694336.0
947.998018,55.6,955693824.0
949.005542,55.0,956694144.0
950.013534,55.3,957694208.0
951.022944,55.0,958694400.0
952.033002,55.2,959744128.0
953.043931,55.2,960744512.0
954.051968,55.1,961744128.0
955.059967,55.1,962743680.0
956.068495,55.0,963744384.0
957.078222,55.3,964794368.0
958.093596,55.3,965794368.0
959.102326,55.1,966794496.0
960.110729,55.3,967794368.0
961.118956,55.1,968793920.0
962.128351,55.3,969844352.0
963.142061,55.3,970844160.0
964.151552,55.0,971843840.0
965.160488,55.2,972844032.0
966.169024,55.5,973844160.0
967.178461,55.3,974893888.0
968.192952,54.7,975894144.0
969.201644,55.2,976894208.0
970.209984,54.9,977894144.0
971.217585,55.0,978894336.0
972.227454,55.0,979944512.0
973.241702,55.0,980944064.0
974.250888,55.1,981944256.0
975.259603,55.2,982944192.0
976.268035,55.2,983943808.0
977.277513,55.2,984994112.0
978.290512,55.3,985994176.0
979.300200,54.9,986994048.0
980.308696,55.2,987993920.0
981.316695,55.0,988993664.0
982.327038,55.3,990044672.0
983.340938,55.3,991043648.0
984.350294,55.1,992043584.0
985.358931,55.0,993043968.0
986.367414,54.7,994043712.0
987.377514,55.0,995094656.0
988.390851,54.9,996094080.0
989.400803,55.0,997093952.0
990.409054,55.3,998093888.0
991.417475,54.8,999094144.0
992.427888,55.3,1000143936.0
993.441858,55.2,1001143552.0
994.451049,55.2,1002143744.0
995.459291,55.0,1003144128.0
996.468043,55.2,1004144128.0
997.478078,54.8,1005194176.0
998.492329,55.3,1006194176.0
999.502098,55.2,1007193920.0
1000.509927,55.1,1008194048.0
1001.517873,55.2,1009193408.0
1002.527632,55.1,1010243776.0
1003.542323,55.3,1011243968.0
1004.551646,55.0,1012243776.0
1005.559200,55.0,1013243648.0
1006.566591,55.2,1014243648.0
1007.576960,55.2,1015293056.0
1008.590199,55.0,1016293760.0
1009.599965,55.1,1017293632.0
1010.608771,55.1,1018293952.0
1011.616851,55.0,1019294144.0
1012.626204,55.2,1020343808.0
1013.640472,54.9,1021343936.0
1014.650247,55.0,1022344192.0
1015.657514,55.0,1023343232.0
1016.666220,54.7,1024343168.0
1017.677960,55.0,1025394176.0
1018.691003,55.0,1026393600.0
1019.699945,54.8,1027393920.0
1020.707377,55.0,1028393856.0
1021.714804,54.8,1029393728.0
1022.724519,54.6,1030393856.0
1023.734402,54.9,1031443648.0
1024.745176,54.9,1032443648.0
1025.753562,55.0,1033443456.0
1026.762367,54.9,1034443584.0
1027.770469,55.2,1035443456.0
1028.780120,55.3,1036493120.0
1029.794209,,
1035.802941,,
1041.804968,54.7,1052543232.0
1045.878747,54.8,1053593344.0
1046.893184,54.8,1054593664.0
1047.902978,54.9,1055593472.0
1048.912148,55.0,1056592960.0
1049.920018,55.0,1057593600.0
1050.929818,54.7,1058643584.0
1051.942971,55.0,1059643136.0
1052.951954,54.7,1060643072.0
1053.959673,55.0,1061643328.0
1054.968429,54.9,1062642880.0
1055.979164,54.9,1063693632.0
1056.993048,55.0,1064693376.0
1058.003925,54.8,1065693696.0
1059.011790,55.0,1066693440.0
1060.020413,54.5,1067693184.0
1061.030761,55.1,1068742528.0
1062.045180,54.8,1069743680.0
1063.053490,54.8,1070743744.0
1064.062750,54.9,1071743488.0
1065.071832,54.7,1072743168.0
1066.081641,55.1,1073793664.0
1067.095530,54.9,1074793344.0
1068.104696,54.6,1075793408.0
1069.114008,55.2,1076793216.0
1070.123033,54.9,1077793536.0
1071.132204,54.7,1078843648.0
1072.146294,55.0,1079843072.0
1073.154344,55.2,1080843392.0
1074.163738,55.0,1081843712.0
1075.171983,54.8,1082843264.0
1076.181696,55.0,1083892736.0
1077.196746,54.9,1084893184.0
1078.205952,55.0,1085893248.0
1079.214409,54.8,1086893184.0
1080.223650,54.9,1087893504.0
1081.233349,55.2,1088943616.0
1082.246118,54.9,1089943168.0
1083.254608,55.0,1090943488.0
1084.263338,55.0,1091943168.0
1085.271231,54.9,1092943616.0
1086.281446,54.8,1093993088.0
1087.294708,54.8,1094993280.0
1088.303706,55.2,1095993216.0
1089.311449,55.3,1096992896.0
1090.319347,54.8,1097993088.0
1091.329616,54.8,1099043328.0
1092.343365,55.0,1100043136.0
1093.352869,55.0,1101042816.0
1094.360692,54.9,1102042752.0
1095.369583,54.9,1103042688.0
1096.380274,55.2,1104093056.0
1097.395648,55.0,1105092608.0
1098.403786,55.2,1106093184.0
1099.410934,55.0,1107092864.0
1100.418920,54.9,1108093184.0
1101.427959,55.0,1109142912.0
1102.442374,55.0,1110142592.0
1103.452197,54.8,1111143040.0
1104.460572,55.4,1112143104.0
1105.468820,54.5,1113142912.0
1106.479188,54.9,1114192512.0
1107.493047,55.4,1115192704.0
1108.502953,54.8,1116192128.0
1109.510619,54.7,1117193088.0
1110.519439,54.8,1118193152.0
1111.529813,55.0,1119243776.0
1112.543358,55.0,1120243456.0
1113.553511,54.8,1121242624.0
1114.561810,55.0,1122242048.0
1115.570041,54.8,1123242496.0
1116.580229,54.9,1124292352.0
1117.593947,54.8,1125292800.0
1118.603616,55.3,1126292608.0
1119.610951,54.8,1127292544.0
1120.619519,54.7,1128292608.0
1121.630165,55.0,1129342720.0
1122.643992,54.8,1130342784.0
1123.653388,54.6,1131343360.0
1124.660942,55.1,1132342144.0
1125.668951,55.3,1133342720.0
1126.679184,54.6,1134392832.0
1127.693506,55.0,1135392640.0
1128.703119,54.8,1136392960.0
1129.709767,55.2,1137392512.0
1130.717405,54.9,1138392960.0
1131.726926,54.9,1139392896.0
1132.740047,54.8,1140442368.0
1133.749999,54.8,1141442944.0
1134.757669,54.6,1142442496.0
1135.766692,55.0,1143442944.0
1136.776541,55.0,1144442752.0
1137.785736,54.8,1145492864.0
1138.798256,54.7,1146493056.0
1139.805445,54.9,1147492608.0
1140.814073,54.7,1148492032.0
1141.823089,55.0,1149492608.0
1142.832360,54.9,1150542592.0
1143.845944,54.9,1151542784.0
1144.854282,54.8,1152542720.0
1145.861955,54.7,1153542912.0
1146.870199,55.0,1154543104.0
1147.880373,55.1,1155591936.0
1148.894161,54.9,1156591616.0
1149.903661,,
1155.912937,,
1161.921172,55.0,1172692864.0
1166.003931,54.7,1173692160.0
1167.011050,54.8,1174692096.0
1168.019024,54.7,1175691904.0
1169.027354,54.9,1176692480.0
1170.041996,54.7,1177743104.0
1171.052776,54.8,1178742912.0
1172.060252,55.0,1179742464.0
1173.068577,54.9,1180742400.0
1174.080626,55.0,1181791872.0
1175.095444,54.9,1182792448.0
1176.104618,54.8,1183792000.0
1177.111931,55.0,1184792192.0
1178.119941,54.9,1185792384.0
1179.129487,54.7,1186842624.0
1180.143280,55.0,1187842176.0
1181.153241,54.8,1188843392.0
1182.161148,54.8,1189842560.0
1183.170586,54.7,1190842368.0
1184.181261,54.6,1191891840.0
1185.195543,54.9,1192892672.0
1186.205038,54.9,1193892224.0
1187.213622,54.6,1194892544.0
1188.221979,54.9,1195891712.0
1189.231354,54.8,1196941952.0
1190.245718,54.6,1197942144.0
1191.255053,54.5,1198942336.0
1192.263579,55.0,1199942144.0
1193.272358,54.7,1200942592.0
1194.282643,54.7,1201991808.0
1195.296647,54.8,1202992000.0
1196.304884,54.6,1203991936.0
1197.313058,54.5,1204991872.0
1198.321488,54.7,1205992448.0
1199.331708,54.7,1207042048.0
1200.346200,54.7,1208042368.0
1201.355199,54.9,1209041792.0
1202.363370,54.7,1210042240.0
1203.372670,54.6,1211042048.0
1204.383188,54.8,1212091648.0
1205.396462,54.6,1213092352.0
1206.405129,54.6,1214091776.0
1207.412991,54.7,1215092224.0
1208.421956,54.7,1216092544.0
1209.431985,54.6,1217142272.0
1210.446670,54.7,1218141952.0
1211.454915,54.9,1219141504.0
1212.462961,54.7,1220142336.0
1213.471131,54.6,1221142016.0
1214.481676,54.6,1222191232.0
1215.499560,54.5,1223191808.0
1216.507366,54.5,1224192512.0
1217.516143,54.7,1225191808.0
1218.525623,54.8,1226191872.0
1219.535282,54.7,1227242368.0
1220.548812,54.6,1228241664.0
1221.557579,54.7,1229241728.0
1222.566817,55.0,1230241664.0
1223.576675,55.0,1231242368.0
1224.586567,54.8,1232291712.0
1225.598382,54.6,1233291648.0
1226.606652,54.7,1234291456.0
1227.615040,54.7,1235291776.0
1228.623362,54.8,1236291840.0
1229.633124,54.6,1237341696.0
1230.646630,54.5,1238341376.0
1231.655669,54.8,1239341696.0
1232.664130,54.7,1240342144.0
1233.672645,54.6,1241341056.0
1234.682460,54.8,1242392192.0
1235.697189,54.6,1243391360.0
1236.705605,54.7,1244392064.0
1237.713530,54.7,1245391488.0
1238.721722,54.8,1246391680.0
1239.732272,54.7,1247442048.0
1240.746114,54.9,1248442112.0
1241.755822,54.7,1249441792.0
1242.763940,54.7,1250441728.0
1243.773125,54.6,1251441152.0
1244.782970,54.6,1252491520.0
1245.797249,54.7,1253491328.0
1246.805524,54.7,1254491264.0
1247.813895,54.8,1255491840.0
1248.822193,54.6,1256491648.0
1249.831881,54.6,1257542016.0
1250.846203,54.6,1258541568.0
1251.855204,54.8,1259541376.0
1252.863775,54.5,1260541952.0
1253.871766,54.8,1261542016.0
1254.881615,54.7,1262591488.0
1255.894816,54.7,1263591168.0
1256.904367,54.7,1264591232.0
1257.912528,54.7,1265591680.0
1258.921245,54.7,1266591104.0
1259.931148,54.7,1267641472.0
1260.944458,54.6,1268640896.0
1261.953831,54.8,1269641088.0
1262.961455,54.7,1270640896.0
1263.969649,54.5,1271641728.0
1264.979983,54.6,1272691456.0
1265.993755,54.4,1273691136.0
1267.004032,54.5,1274690944.0
1268.011984,54.5,1275690752.0
1269.020096,54.5,1276691200.0
1270.029692,,
1276.038926,,
1282.045928,54.7,1291791616.0
1285.108622,54.4,1292791296.0
1286.116928,54.8,1293791616.0
1287.127713,54.5,1294791168.0
1288.137099,54.4,1295841792.0
1289.149006,54.5,1296841216.0
1290.157565,54.5,1297841408.0
1291.167249,54.7,1298841600.0
1292.176865,54.7,1299841408.0
1293.186022,54.6,1300891648.0
1294.198954,54.8,1301891712.0
1295.208181,54.6,1302891520.0
1296.216778,54.6,1303891200.0
1297.225994,54.4,1304891392.0
1298.233917,54.6,1305941504.0
1299.245890,54.6,1306941824.0
1300.254919,54.7,1307941376.0
1301.261854,54.8,1308940928.0
1302.269829,54.8,1309941504.0
1303.278934,54.7,1310941312.0
1304.286954,54.8,1311991040.0
1305.298874,54.5,1312990976.0
1306.306953,54.6,1313991040.0
1307.315418,54.4,1314991488.0
1308.324089,54.5,1315991168.0
1309.333491,54.7,1317041408.0
1310.347084,54.4,1318040960.0
1311.356049,54.6,1319041024.0
1312.363943,54.6,1320041600.0
1313.371401,54.5,1321041152.0
1314.381942,54.4,1322091776.0
1315.394932,54.6,1323091200.0
1316.405068,54.2,1324091392.0
1317.413512,54.8,1325091584.0
1318.422618,54.6,1326091776.0
1319.431933,54.6,1327141888.0
1320.444962,54.7,1328141312.0
1321.453873,54.6,1329141504.0
1322.461442,54.8,1330141184.0
1323.468949,54.7,1331141504.0
1324.478721,54.6,1332141056.0
1325.488276,54.7,1333191552.0
1326.499822,54.7,1334191488.0
1327.508346,54.8,1335191424.0
1328.516929,54.8,1336191104.0
1329.525672,54.7,1337191040.0
1330.534464,54.8,1338241024.0
1331.547923,54.4,1339240960.0
1332.556275,54.5,1340240896.0
1333.565442,54.7,1341241344.0
1334.574350,54.6,1342241536.0
1335.583649,54.6,1343291904.0
1336.597937,54.5,1344290688.0
1337.606857,54.8,1345291648.0
1338.615091,54.7,1346291840.0
1339.622945,54.7,1347291264.0
1340.632942,54.7,1348340736.0
1341.646014,54.4,1349341056.0
1342.655209,54.5,1350341376.0
1343.663814,54.5,1351340800.0
1344.672334,54.7,1352341376.0
1345.681957,54.5,1353391232.0
1346.695413,54.5,1354390656.0
1347.705202,54.6,1355390848.0
1348.712938,54.6,1356390656.0
1349.720700,54.6,1357390720.0
1350.731068,54.5,1358441472.0
1351.745052,54.4,1359440896.0
1352.754063,54.6,1360440960.0
1353.761070,54.5,1361440640.0
1354.767959,54.3,1362440960.0
1355.777569,54.4,1363440640.0
1356.786355,54.6,1364490880.0
1357.799005,54.6,1365490560.0
1358.807577,54.8,1366491008.0
1359.814959,54.6,1367490816.0
1360.822960,54.5,1368491136.0
1361.833511,54.4,1369540736.0
1362.847551,54.4,1370540544.0
1363.856552,54.7,1371540608.0
1364.864403,54.4,1372540928.0
1365.871993,54.6,1373540608.0
1366.881724,54.8,1374590464.0
1367.895229,54.4,1375590400.0
1368.904922,54.4,1376590848.0
1369.912701,54.4,1377590912.0
1370.919957,54.5,1378590720.0
1371.930293,54.7,1379640320.0
1372.943936,54.6,1380640640.0
1373.953237,54.7,1381640448.0
1374.960135,54.6,1382640768.0
1375.967925,54.6,1383640960.0
1376.976254,54.6,1384641152.0
1377.986083,54.5,1385691008.0
1378.999564,54.4,1386690432.0
1380.007505,54.3,1387691648.0
1381.016302,54.7,1388691200.0
1382.024618,54.6,1389690496.0
1383.035063,54.6,1390740352.0
1384.048596,54.3,1391739392.0
1385.057397,54.3,1392739584.0
1386.065547,54.6,1393739392.0
1387.074359,54.4,1394739584.0
1388.084330,54.3,1395789824.0
1389.098851,,
1395.102839,,
1401.105814,54.4,1411839232.0
1405.172159,54.3,1412839040.0
1406.181735,54.7,1413890432.0
1407.194326,54.3,1414889600.0
1408.202940,54.6,1415890048.0
1409.209739,54.6,1416888704.0
1410.217527,54.5,1417889664.0
1411.225963,54.2,1418889472.0
1412.235170,54.3,1419939456.0
1413.247063,54.5,1420939136.0
1414.255691,54.6,1421938688.0
1415.263182,54.6,1422939648.0
1416.270165,54.5,1423938944.0
1417.280037,54.4,1424939136.0
1418.290883,54.7,1425988864.0
1419.299931,54.6,1426988800.0
1420.308076,54.5,1427988736.0
1421.315718,54.5,1428989056.0
1422.323044,54.1,1429989120.0
1423.333218,54.5,1431038976.0
1424.345863,54.5,1432039296.0
1425.354860,54.6,1433039104.0
1426.361844,54.4,1434039040.0
1427.369790,54.2,1435039488.0
1428.379435,54.4,1436039168.0
1429.390967,54.5,1437089152.0
1430.400040,54.5,1438088704.0
1431.408444,54.5,1439088896.0
1432.416069,54.3,1440088704.0
1433.423581,54.4,1441088896.0
1434.433470,54.4,1442139392.0
1435.446768,54.3,1443139712.0
1436.455177,54.5,1444138624.0
1437.462716,54.4,1445138944.0
1438.470218,54.5,1446139392.0
1439.480179,54.4,1447138816.0
1440.491461,54.6,1448189568.0
1441.500798,54.4,1449188224.0
1442.508306,54.3,1450188928.0
1443.516180,54.5,1451188736.0
1444.522979,54.4,1452188544.0
1445.533087,54.4,1453238656.0
1446.545587,54.3,1454239232.0
1447.553638,54.4,1455239040.0
1448.561113,54.4,1456239360.0
1449.568934,54.3,1457238528.0
1450.578042,54.3,1458238976.0
1451.587170,54.4,1459289344.0
1452.598359,54.4,1460288384.0
1453.606918,54.4,1461288832.0
1454.614213,54.3,1462288768.0
1455.621947,54.3,1463288832.0
1456.631751,54.1,1464338688.0
1457.644767,54.6,1465339392.0
1458.653784,54.4,1466338816.0
1459.661229,54.5,1467339520.0
1460.668915,54.3,1468338432.0
1461.676000,54.7,1469339776.0
1462.684963,54.3,1470388224.0
1463.696809,54.3,1471388672.0
1464.705315,54.3,1472388864.0
1465.712969,54.5,1473388416.0
1466.719945,54.3,1474388736.0
1467.728597,54.1,1475388800.0
1468.738683,54.1,1476439040.0
1469.749655,54.0,1477438848.0
1470.757974,54.2,1478438272.0
1471.766524,54.5,1479438592.0
1472.774042,54.2,1480438784.0
1473.784403,54.2,1481488896.0
1474.796877,54.6,1482488832.0
1475.805162,54.4,1483489152.0
1476.811304,54.5,1484488576.0
1477.820089,54.3,1485489536.0
1478.830886,54.3,1486489088.0
1479.839967,54.1,1487539072.0
1480.850437,54.2,1488539776.0
1481.857917,54.4,1489539072.0
1482.865141,54.3,1490539520.0
1483.873709,54.4,1491539840.0
1484.884286,54.2,1492589056.0
1485.896988,54.0,1493589120.0
1486.906875,54.2,1494589056.0
1487.914927,54.1,1495589504.0
1488.922411,54.2,1496589824.0
1489.931732,54.2,1497639040.0
1490.945372,54.6,1498639488.0
1491.955003,54.3,1499639552.0
1492.962987,54.0,1500639104.0
1493.971136,54.4,1501639808.0
1494.982169,54.3,1502689280.0
1495.995948,54.4,1503689344.0
1497.005942,54.6,1504689408.0
1498.014163,54.4,1505689216.0
1499.022555,54.4,1506689152.0
1500.032348,54.3,1507689088.0
1501.046018,54.3,1508738816.0
1502.054919,54.1,1509739392.0
1503.062404,54.5,1510739584.0
1504.069927,54.1,1511739264.0
1505.079009,54.0,1512739200.0
1506.087976,54.4,1513788928.0
1507.101224,54.2,1514789120.0
1508.110027,54.3,1515789056.0
1509.118407,,
1515.127278,,
1521.135584,54.1,1531889536.0
1525.238175,54.3,1532938752.0
1526.250948,54.5,1533938944.0
1527.258132,54.1,1534939520.0
1528.265652,54.1,1535939456.0
1529.272939,54.4,1536938752.0
1530.281837,54.4,1537988608.0
1531.295693,54.0,1538989184.0
1532.305534,54.4,1539989120.0
1533.312522,54.1,1540988544.0
1534.320696,54.3,1541988608.0
1535.329919,54.3,1542988544.0
1536.338741,54.5,1544038656.0
1537.349929,54.3,1545038720.0
1538.358340,54.2,1546038528.0
1539.366061,54.5,1547038720.0
1540.374090,54.4,1548039296.0
1541.384553,54.5,1549089664.0
1542.398080,54.7,1550088832.0
1543.407532,54.4,1551089408.0
1544.414757,54.0,1552089216.0
1545.423425,54.2,1553088768.0
1546.434271,54.1,1554139392.0
1547.447243,54.3,1555138688.0
1548.455959,54.3,1556138496.0
1549.461969,54.1,1557139072.0
1550.470177,54.4,1558138752.0
1551.478604,54.2,1559138816.0
1552.488540,54.0,1560188800.0
1553.501804,54.3,1561189376.0
1554.509924,54.2,1562188800.0
1555.517615,54.1,1563187968.0
1556.524935,53.9,1564189056.0
1557.533920,54.2,1565239168.0
1558.547029,54.1,1566239232.0
1559.556745,54.5,1567239552.0
1560.564392,54.2,1568238848.0
1561.571924,54.2,1569238784.0
1562.581274,54.2,1570239104.0
1563.590686,54.2,1571688960.0
1565.009149,54.2,1572688768.0
1566.017938,54.1,1573688960.0
1567.025934,54.1,1574688384.0
1568.035924,54.4,1575740800.0
1569.049046,54.2,1576739456.0
1570.058954,54.2,1577739264.0
1571.066743,54.4,1579688576.0
1573.012536,54.0,1580688640.0
1574.020939,54.4,1581688704.0
1575.031320,54.2,1582689152.0
1576.039941,54.0,1583738752.0
1577.052180,54.4,1584739200.0
1578.058932,54.4,1585738752.0
1579.066244,54.4,1586738816.0
1580.073950,54.2,1587739008.0
1581.083941,54.3,1588739328.0
1582.096933,54.1,1589789568.0
1583.105917,54.3,1590788608.0
1584.112622,54.2,1591788800.0
1585.121213,54.1,1592788736.0
1586.130941,54.3,1593789312.0
1587.138924,54.2,1594839168.0
1588.151788,54.2,1595838976.0
1589.161196,54.0,1596838656.0
1590.169852,54.0,1598688640.0
1592.009004,54.4,1599688576.0
1593.016936,54.1,1600688768.0
1594.024723,54.3,1601688960.0
1595.036025,54.4,1602739712.0
1596.049802,54.3,1603739136.0
1597.059142,54.2,1604739456.0
1598.067238,54.2,1606688384.0
1600.008918,54.1,1607688576.0
1601.018649,54.2,1608688128.0
1602.026796,54.0,1609688704.0
1603.036289,54.4,1610739712.0
1604.048960,54.3,1611739136.0
1605.057145,54.3,1612739840.0
1606.064016,54.1,1614688256.0
1608.008541,54.2,1615688192.0
1609.017959,54.3,1616688768.0
1610.025066,54.3,1617688960.0
1611.034927,54.4,1618740480.0
1612.048936,54.2,1619739392.0
1613.057932,54.3,1620738816.0
1614.063916,54.2,1622688512.0
1616.007916,54.1,1623688704.0
1617.018294,54.4,1624688128.0
1618.025854,54.3,1625688576.0
1619.036272,54.1,1626738560.0
1620.049982,54.1,1627737984.0
1621.058668,54.1,1628737920.0
1622.065937,54.1,1630687616.0
1624.007936,54.0,1631687168.0
1625.019429,54.4,1632687488.0
1626.027742,53.9,1633687168.0
1627.035968,54.0,1634738560.0
1628.048915,54.2,1635738880.0
1629.056733,54.1,1636738304.0
1630.064926,54.0,1638687744.0
1632.007528,54.0,1639687040.0
1633.019269,54.1,1640687616.0
1634.026951,54.4,1641687168.0
1635.037718,53.9,1642737920.0
1636.050808,54.0,1643737856.0
1637.059809,54.0,1644737920.0
1638.068522,54.0,1646688128.0
1640.010982,54.1,1648687488.0
1642.037592,53.9,1649738496.0
1643.051921,54.1,1650738944.0
1644.059497,54.1,1651738624.0
1645.066934,54.0,1652738688.0
1646.073922,54.4,1654688128.0
1648.008926,53.9,1655688064.0
1649.017919,53.9,1656687616.0
1650.025584,54.0,1657688448.0
1651.036764,54.3,1658738176.0
1652.050960,54.2,1659737856.0
1653.059611,54.1,1660737408.0
1654.067556,54.3,1661737984.0
1655.075608,54.2,1662737792.0
1656.086386,54.3,1663787904.0
1657.100988,54.3,1664787840.0
1658.109052,54.4,1665787648.0
1659.117149,54.2,1666787712.0
1660.125981,54.1,1667787392.0
1661.136033,54.1,1668837760.0
1662.148943,54.0,1669837824.0
1663.157926,54.1,1670837760.0
1664.165082,54.1,1671837824.0
1665.173657,54.4,1672837632.0
1666.184230,53.9,1673888000.0
1667.197941,54.3,1674887680.0
1668.206856,54.4,1675887744.0
1669.214628,54.0,1676887424.0
1670.223120,54.2,1677887488.0
1671.234521,53.9,1678937600.0
1672.248947,54.2,1679937024.0
1673.258857,54.4,1680937088.0
1674.267010,54.0,1681937408.0
1675.274780,54.2,1682937600.0
1676.286728,54.2,1683987584.0
1677.301660,54.5,1684987392.0
1678.310565,54.4,1685987200.0
1679.318198,54.1,1686987264.0
1680.327089,54.0,1687987456.0
1681.337241,53.9,1689037312.0
1682.351664,54.1,1690037632.0
1683.358937,54.4,1691037056.0
1684.365922,54.4,1692037376.0
1685.373410,54.3,1693037696.0
1686.382927,54.3,1694037376.0
1687.391547,54.1,1695087104.0
1688.401951,54.4,1696087168.0
1689.409961,,
1695.418833,,
1701.427086,54.2,1712187136.0
1705.525773,54.1,1713187200.0
1706.536336,53.9,1714237440.0
1707.549946,54.1,1715237248.0
1708.559969,54.3,1716237056.0
1709.568021,54.2,1717237376.0
1710.575740,54.0,1718237184.0
1711.586701,54.1,1719287296.0
1712.601361,54.1,1720287360.0
1713.610597,54.0,1721287552.0
1714.618061,54.3,1722286976.0
1715.626216,54.3,1723287040.0
1716.637382,54.2,1724337408.0
1717.650937,54.2,1725337728.0
1718.660708,54.0,1726337792.0
1719.668805,54.0,1727336960.0
1720.675982,53.9,1728337408.0
1721.686594,54.3,1729387776.0
1722.699550,53.9,1730387328.0
1723.709888,54.3,1731387392.0
1724.717175,54.3,1732386432.0
1725.724934,54.3,1733387008.0
1726.735590,53.7,1734436864.0
1727.748950,54.2,1735437056.0
1728.758637,54.1,1736437248.0
1729.766079,54.0,1737436800.0
1730.772954,54.2,1738436864.0
1731.782199,54.1,1739436672.0
1732.790965,54.0,1740487040.0
1733.803479,54.2,1741487104.0
1734.812116,54.1,1742486656.0
1735.820397,54.5,1743486848.0
1736.826951,54.3,1744486656.0
1737.837363,54.1,1745536896.0
1738.850946,53.9,1746536832.0
1739.859945,54.1,1747536896.0
1740.866931,53.9,1748536832.0
1741.874842,54.2,1749536640.0
1742.883933,54.1,1750536704.0
1743.897710,54.0,1751586432.0
1744.906206,54.3,1752586880.0
1745.913583,54.1,1753586688.0
1746.922137,54.3,1754586112.0
1747.931478,54.0,1755586432.0
1748.940035,54.0,1756636544.0
1749.952712,54.2,1757636864.0
1750.960933,54.0,1758636672.0
1751.968651,54.2,1759636864.0
1752.976919,54.2,1760636800.0
1753.986356,53.9,1761686656.0
1754.999720,54.0,1762686592.0
1756.009053,54.3,1763686528.0
1757.017100,54.3,1764686976.0
1758.026043,54.1,1765686656.0
1759.036932,54.1,1766736896.0
1760.050273,54.0,1767736448.0
1761.058952,54.1,1768736640.0
1762.066138,53.9,1769736704.0
1763.073918,53.8,1770737152.0
1764.083317,54.1,1771736832.0
1765.091927,54.0,1772786688.0
1766.103413,54.1,1773786496.0
1767.110919,54.3,1774786560.0
1768.118634,54.1,1775786624.0
1769.127382,53.6,1776786176.0
1770.138234,54.1,1777836800.0
1771.152194,53.9,1778836992.0
1772.161031,54.2,1779836800.0
1773.168564,54.0,1780836864.0
1774.175956,54.1,1781836288.0
1775.187116,54.0,1782886784.0
1776.201300,54.2,1783886336.0
1777.209948,54.1,1784886784.0
1778.218261,54.1,1785886336.0
1779.227019,53.5,1786886528.0
1780.237392,54.1,1787936896.0
1781.251267,54.2,1788936192.0
1782.260861,53.9,1789936768.0
1783.268500,53.9,1790936576.0
1784.275934,53.9,1791936128.0
1785.286888,54.1,1792986624.0
1786.301022,54.3,1793986432.0
1787.311352,53.9,1794986496.0
1788.319444,53.9,1795986432.0
1789.326938,53.7,1796986112.0
1790.337268,53.8,1798036480.0
1791.350421,54.2,1799036160.0
1792.358975,54.0,1800036480.0
1793.366223,54.0,1801036544.0
1794.374391,54.0,1802036352.0
1795.385305,54.1,1803086592.0
1796.397920,54.0,1804086016.0
1797.406700,54.1,1805086336.0
1798.413932,54.1,1806086272.0
1799.420931,54.1,1807086336.0
1800.427914,54.2,1808086144.0
1801.435917,54.0,1809135872.0
1802.449264,54.0,1810135808.0
1803.457922,54.1,1811136768.0
1804.464917,53.8,1812136064.0
1805.471985,54.0,1813136384.0
1806.480016,54.1,1814136192.0
1807.487985,54.0,1815186176.0
1808.501941,53.8,1816186112.0
1809.511181,,
1815.518849,,
1821.527434,54.1,1832235904.0
1825.589283,53.9,1833286144.0
1826.603380,54.2,1834285824.0
1827.612313,54.1,1835286016.0
1828.619667,54.2,1836286080.0
1829.627684,54.0,1837286400.0
1830.637583,54.2,1838336128.0
1831.650920,54.2,1839336192.0
1832.660410,54.1,1840336128.0
1833.666959,54.0,1841336064.0
1834.674645,53.9,1842335872.0
1835.685236,53.9,1843335936.0
1836.698557,53.8,1844386176.0
1837.708197,54.2,1845386496.0
1838.716224,54.1,1846385792.0
1839.724389,54.0,1847386112.0
1840.734678,53.8,1848385664.0
1841.748031,54.2,1849436160.0
1842.756931,54.1,1850435968.0
1843.763821,53.9,1851435904.0
1844.772927,54.1,1852435712.0
1845.780956,53.9,1853436160.0
1846.789213,53.8,1854485120.0
1847.803347,54.1,1855486336.0
1848.811936,54.0,1856485248.0
1849.819917,54.2,1857485440.0
1850.826963,54.2,1858486144.0
1851.837464,54.0,1859536000.0
1852.849921,53.9,1860535680.0
1853.858939,53.9,1861535744.0
1854.866175,53.8,1862535808.0
1855.874080,53.9,1863535616.0
1856.882932,53.9,1864535936.0
1857.891929,54.2,1865585280.0
1858.902926,54.0,1866585856.0
1859.910936,53.9,1867585280.0
1860.918765,53.7,1868585600.0
1861.925922,54.0,1869585536.0
1862.936152,54.0,1870635776.0
1863.949982,54.1,1871635200.0
1864.959356,54.1,1872635136.0
1865.966768,53.9,1873635584.0
1866.974527,54.2,1874635136.0
1867.984265,54.0,1875636352.0
1868.993391,54.2,1876685440.0
1870.003450,54.1,1877686528.0
1871.012863,54.1,1878685824.0
1872.019949,54.0,1879686016.0
1873.028647,54.1,1880685568.0
1874.038555,54.0,1881735424.0
1875.052521,54.0,1882736000.0
1876.060917,54.2,1883735552.0
1877.067923,53.8,1884735616.0
1878.074928,53.7,1885735808.0
1879.083925,53.9,1886735360.0
1880.091927,53.9,1887785216.0
1881.104129,53.9,1888785664.0
1882.112797,53.9,1889785472.0
1883.119511,54.0,1890785024.0
1884.126945,54.2,1891785088.0
1885.137777,53.8,1892836096.0
1886.151940,54.1,1893835648.0
1887.160638,54.0,1894835072.0
1888.173341,54.1,1895835904.0
1889.180925,53.7,1896835456.0
1890.189572,53.9,1897885568.0
1891.202985,54.1,1898885120.0
1892.211635,53.9,1899884544.0
1893.219245,54.1,1900885632.0
1894.226819,54.1,1901884800.0
1895.237116,53.8,1902935296.0
1896.250599,53.9,1903935744.0
1897.258932,53.7,1904935296.0
1898.266172,53.8,1905935232.0
1899.275074,53.7,1906935808.0
1900.284861,54.2,1907985152.0
1901.298877,54.0,1908985216.0
1902.307855,54.1,1909985536.0
1903.316021,53.6,1910985728.0
1904.324744,53.9,1911985280.0
1905.335307,54.1,1913035520.0
1906.348934,54.1,1914035456.0
1907.357769,53.9,1915035264.0
1908.364923,54.2,1916035584.0
1909.371970,54.0,1917035520.0
1910.380138,53.9,1918035328.0
1911.389923,53.9,1919085184.0
1912.403989,53.7,1920085120.0
1913.411939,53.9,1921085440.0
1914.419572,53.6,1922085632.0
1915.427845,54.1,1923085440.0
1916.438515,53.8,1924135552.0
1917.453008,53.8,1925135616.0
1918.460925,53.9,1926135168.0
1919.467934,53.8,1927134976.0
1920.474941,53.9,1928135168.0
1921.484954,54.0,1929135104.0
1922.498773,53.9,1930184960.0
1923.507954,54.1,1931184768.0
1924.516162,54.1,1932185472.0
1925.524736,53.9,1933185408.0
1926.534954,54.0,1934235136.0
1927.549164,54.0,1935235072.0
1928.558376,54.0,1936235008.0
1929.565346,,
1935.574033,,
1941.580925,53.8,1952334720.0
1945.653922,53.9,1953334784.0
1946.662023,53.7,1954334976.0
1947.668942,53.8,1955334656.0
1948.677743,53.9,1956334464.0
1949.688182,53.6,1957384960.0
1950.701712,54.1,1958384896.0
1951.711056,53.9,1959384192.0
1952.719368,54.0,1960385024.0
1953.728229,53.9,1961385088.0
1954.739155,54.2,1962435072.0
1955.752840,53.9,1963434880.0
1956.762022,54.0,1964434560.0
1957.770515,53.9,1965434368.0
1958.779315,53.9,1966434944.0
1959.788984,53.9,1967484928.0
1960.801922,54.1,1968484992.0
1961.810854,53.9,1969484416.0
1962.818849,53.7,1970484608.0
1963.827469,53.8,1971484544.0
1964.838617,54.1,1972534912.0
1965.852932,54.2,1973534592.0
1966.861076,53.9,1974534272.0
1967.868872,54.2,1975534592.0
1968.877625,53.7,1976534528.0
1969.888386,53.9,1977584128.0
1970.902215,54.0,1978584832.0
1971.912147,53.8,1979584768.0
1972.919954,53.8,1980584960.0
1973.928203,54.0,1981584896.0
1974.938793,53.8,1982634496.0
1975.952916,54.0,1983634816.0
1976.961645,53.7,1984634368.0
1977.969930,53.8,1985634304.0
1978.978148,54.2,1986634112.0
1979.987932,54.0,1987684864.0
1981.000936,53.8,1988684160.0
1982.008971,53.8,1989684224.0
1983.016932,54.1,1990684160.0
1984.024888,53.6,1991684224.0
1985.034635,54.2,1992684672.0
1986.044040,54.1,1993734528.0
1987.055720,53.8,1994734592.0
1988.063635,53.8,1995735424.0
1989.070926,53.9,1996734592.0
1990.078290,53.9,1997734400.0
1991.087712,53.8,1998784640.0
1992.103066,54.2,1999784320.0
1993.112252,54.0,2000784128.0
1994.119784,54.1,2001784192.0
1995.128545,53.9,2002784256.0
1996.139149,54.0,2003834624.0
1997.152940,54.1,2004834432.0
1998.161853,53.7,2005834368.0
1999.169935,53.6,2006834560.0
2000.178114,53.8,2007834752.0
2001.188761,54.2,2008884224.0
2002.201920,54.0,2009884416.0
2003.211204,54.1,2010883968.0
2004.219792,53.9,2011884032.0
2005.227987,53.8,2012884352.0
2006.237554,53.7,2013934720.0
2007.251424,54.0,2014934528.0
2008.261289,54.0,2015934848.0
2009.267926,53.8,2016934784.0
2010.276012,53.7,2017934336.0
2011.285814,53.8,2018934144.0
2012.294435,53.9,2019984128.0
2013.306571,54.0,2020984960.0
2014.314747,54.0,2021984640.0
2015.322592,53.7,2022984704.0
2016.331588,53.7,2023984128.0
2017.340955,53.9,2025034624.0
2018.354403,53.8,2026034432.0
2019.363722,54.1,2027034112.0
2020.372375,53.9,2028034176.0
2021.380332,53.6,2029034112.0
2022.391500,53.7,2030084224.0
2023.405483,53.7,2031084416.0
2024.413929,53.9,2032084224.0
2025.422341,53.8,2033084032.0
2026.429951,54.0,2034083840.0
2027.440492,53.7,2035134848.0
2028.453686,53.7,2036134144.0
2029.463447,53.9,2037134208.0
2030.471476,53.8,2038134016.0
2031.479827,53.8,2039134464.0
2032.489931,54.0,2040184064.0
2033.502929,53.8,2041184384.0
2034.512252,54.0,2042183808.0
2035.519920,54.0,2043184128.0
2036.527880,53.9,2044183936.0
2037.538404,53.8,2045183744.0
2038.547930,53.9,2046233984.0
2039.558007,54.1,2047234176.0
2040.566366,53.6,2048234496.0
2041.574601,54.2,2049233792.0
2042.582833,53.6,2050234112.0
2043.593615,53.8,2051284096.0
2044.606921,53.9,2052284160.0
2045.615930,53.7,2053283712.0
2046.623600,53.7,2054283904.0
2047.632195,54.0,2055284096.0
2048.641952,53.7,2056333824.0
2049.655010,,
2055.662971,,
2061.669942,53.7,2072434048.0
2065.780024,53.8,2073434112.0
2066.789351,53.7,2074433792.0
2067.796912,54.2,2075483648.0
2068.809829,53.9,2076483712.0
2069.817712,53.9,2077483776.0
2070.825126,54.1,2078483712.0
2071.833174,53.9,2079483648.0
2072.843576,53.9,2080533760.0
2073.857154,53.8,2081533696.0
2074.866381,53.7,2082534144.0
2075.873802,53.8,2083533824.0
2076.881733,53.7,2084533632.0
2077.890978,54.0,2085533824.0
2078.900206,54.0,2086583168.0
2079.910922,54.0,2087583360.0
2080.918947,54.0,2088583296.0
2081.926242,53.8,2089584000.0
2082.934958,53.6,2090583936.0
2083.944810,53.7,2091633920.0
2084.957957,53.7,2092633344.0
2085.968026,53.8,2093633664.0
2086.975990,53.9,2094633984.0
2087.984810,54.0,2095633792.0
2088.995668,54.0,2096684032.0
2090.009372,53.7,2097683584.0
2091.018434,54.1,2098683776.0
2092.026415,54.1,2099683840.0
2093.033949,53.6,2100683392.0
2094.043923,53.6,2101683200.0
2095.057795,53.7,2102733568.0
2096.066160,54.0,2103733248.0
2097.073519,53.9,2104733696.0
2098.081244,53.9,2105732992.0
2099.090865,53.8,2106733440.0
2100.099893,53.9,2107783808.0
2101.112951,54.0,2108783104.0
2102.120874,53.8,2109783040.0
2103.128937,53.6,2110783488.0
2104.137890,53.6,2111783552.0
2105.147952,53.6,2112833792.0
2106.161689,53.7,2113833600.0
2107.170701,53.7,2114833792.0
2108.177920,54.0,2115833728.0
2109.185690,54.1,2116833536.0
2110.196358,53.9,2117883648.0
2111.209711,53.7,2118883584.0
2112.219890,53.6,2119883520.0
2113.228185,53.7,2120883840.0
2114.236699,53.8,2121883520.0
2115.246931,53.6,2122933632.0
2116.260073,53.9,2123933696.0
2117.268636,53.8,2124933632.0
2118.276843,53.9,2125933440.0
2119.286062,53.8,2126933504.0
2120.295957,53.9,2127983744.0
2121.309815,54.0,2128983168.0
2122.318779,53.8,2129983488.0
2123.326190,53.8,2130983552.0
2124.334179,54.0,2131983360.0
2125.344396,53.9,2132983552.0
2126.352948,54.0,2134033664.0
2127.364976,54.1,2135033600.0
2128.373244,54.0,2136033408.0
2129.381975,54.0,2137032832.0
2130.390342,53.9,2138033408.0
2131.399825,53.9,2139083520.0
2132.414417,53.6,2140083584.0
2133.421948,53.6,2141083136.0
2134.430196,53.8,2142083200.0
2135.439280,53.7,2143083392.0
2136.449344,53.8,2144133760.0
2137.463760,54.1,2145132800.0
2138.472701,53.7,2146132864.0
2139.480467,53.9,2147133312.0
2140.489892,53.5,2148133120.0
2141.499711,53.7,2149183488.0
2142.513585,53.7,2150182912.0
2143.522680,53.8,2151183360.0
2144.530948,53.9,2152183296.0
2145.538607,53.9,2153183232.0
2146.548699,53.8,2154233088.0
2147.562795,53.4,2155233024.0
2148.572072,53.9,2156233216.0
2149.579835,53.9,2157233152.0
2150.587862,53.8,2158233088.0
2151.598808,53.5,2159283456.0
2152.611833,53.6,2160283136.0
2153.620993,53.8,2161283072.0
2154.629972,53.8,2162283264.0
2155.638519,53.7,2163282432.0
2156.647515,53.7,2164332544.0
2157.661184,53.5,2165331968.0
2158.669974,53.8,2166332672.0
2159.677651,53.5,2167333376.0
2160.685632,53.7,2168333568.0
2161.693043,53.9,2169332480.0
2162.702614,53.9,2170383360.0
2163.715566,53.4,2171382528.0
2164.724370,54.0,2172382720.0
2165.732344,53.7,2173383168.0
2166.739927,53.6,2174382592.0
2167.749922,53.8,2175433216.0
2168.763775,54.1,2176432896.0
2169.774088,53.4,2179532288.0
2172.864956,53.5,2180532224.0
2173.874856,53.9,2181531904.0
2174.881932,53.8,2182532096.0
2175.889943,53.9,2183532032.0
2176.900676,53.7,2184582400.0
2177.913923,54.0,2185583104.0
2178.922393,53.5,2186682624.0
2180.017930,53.8,2187682560.0
2181.025870,53.8,2188682496.0
2182.033332,53.8,2190632960.0
2184.011944,54.1,2191682560.0
2185.025894,53.8,2192682752.0
2186.034145,53.7,2193682176.0
2187.041835,53.7,2194682624.0
2188.051786,53.7,2195733248.0
2189.064970,53.8,2196733440.0
2190.074764,53.6,2198632704.0
2192.012921,53.5,2199682816.0
2193.024921,53.6,2200682752.0
2194.032958,53.7,2201682944.0
2195.041228,53.7,2202683136.0
2196.051789,53.8,2203733504.0
2197.065487,53.8,2204733184.0
2198.075694,53.9,2206682880.0
2200.015395,53.5,2207682816.0
2201.023943,53.7,2208682496.0
2202.033224,53.6,2209682432.0
2203.041387,53.8,2210682112.0
2204.050147,53.5,2211682048.0
2205.063980,54.1,2212733696.0
2206.073253,53.5,2214632192.0
2208.008849,53.8,2216682240.0
2210.037251,53.7,2217683200.0
2211.045375,53.6,2218682880.0
2212.054443,53.7,2219732224.0
2213.067919,54.1,2220733696.0
2214.077047,53.8,2222632704.0
2216.007938,53.8,2224682496.0
2218.035918,53.7,2225682688.0
2219.042927,54.0,2226683136.0
2220.052030,53.3,2227732736.0
2221.065936,53.5,2228733184.0
2222.074967,53.8,2230632448.0
2224.008227,53.5,2231683072.0
2225.026694,53.5,2232682240.0
2226.035940,53.4,2233682688.0
2227.042948,53.8,2234682112.0
2228.050926,53.5,2235682560.0
2229.058946,53.9,2236732672.0
2230.071173,53.9,2238632448.0
2232.007923,53.7,2239682560.0
2233.026715,54.0,2240682496.0
2234.035494,53.9,2241682432.0
2235.044525,53.8,2242682880.0
2236.054777,53.9,2243732224.0
2237.067936,53.9,2244732160.0
2238.076571,53.6,2245732608.0
2239.084025,54.0,2246732288.0
2240.092476,53.7,2247731968.0
2241.102701,53.9,2248781824.0
2242.117432,53.5,2249782272.0
2243.126929,53.7,2250782464.0
2244.133918,53.7,2251782656.0
2245.139961,53.7,2252781824.0
2246.148972,53.9,2253782016.0
2247.157922,54.0,2254832640.0
2248.169952,53.7,2255831552.0
2249.178743,53.3,2256832000.0
2250.187373,53.9,2257832448.0
2251.194046,54.0,2258831872.0
2252.203700,53.8,2259882240.0
2253.218356,53.6,2260882688.0
2254.227831,53.5,2261882112.0
2255.236491,53.7,2262882304.0
2256.245538,53.9,2263881728.0
2257.255479,53.6,2264931840.0
2258.269235,53.7,2265932288.0
2259.279244,53.8,2266931712.0
2260.287560,53.6,2267931904.0
2261.296339,53.6,2268932096.0
2262.306702,54.0,2269981952.0
2263.319934,53.8,2270981632.0
2264.328663,53.9,2271982080.0
2265.336968,53.8,2272982016.0
2266.344893,54.0,2273981952.0
2267.352918,54.0,2274981120.0
2268.361075,53.7,2276032256.0
2269.373058,54.0,2277031936.0
2270.381106,53.6,2278031616.0
2271.389767,53.8,2279032064.0
2272.397720,53.6,2280032512.0
2273.407967,53.4,2281081856.0
2274.421945,53.7,2282081792.0
2275.429932,53.9,2283081472.0
2276.438440,53.7,2284082176.0
2277.446415,53.8,2285081856.0
2278.455921,54.0,2286132736.0
2279.469340,54.0,2287132160.0
2280.477935,53.8,2288131840.0
2281.484820,53.8,2289132032.0
2282.492949,53.9,2290131456.0
2283.503262,53.7,2291131904.0
2284.512067,53.7,2292181760.0
2285.522955,53.9,2293181952.0
2286.531396,53.8,2294181632.0
2287.538941,53.7,2295181568.0
2288.546437,53.8,2296182528.0
2289.555925,,
2295.564985,,
2301.572944,53.8,2312281088.0
2305.654366,53.3,2313281024.0
2306.663968,53.7,2314331648.0
2307.674623,53.7,2315331072.0
2308.683678,53.6,2316331264.0
2309.692633,53.6,2317330944.0
2310.702408,53.5,2318331136.0
2311.712029,53.7,2319381248.0
2312.724779,54.1,2320380928.0
2313.733844,53.6,2321381120.0
2314.743425,53.8,2322381824.0
2315.751955,54.0,2323381760.0
2316.759932,53.7,2324431616.0
2317.772956,53.3,2325431552.0
2318.780933,53.7,2326431744.0
2319.788383,53.6,2327431424.0
2320.796207,53.7,2328431872.0
2321.805939,53.5,2329431552.0
2322.814106,53.8,2330481664.0
2323.824929,53.7,2331481856.0
2324.833056,53.9,2332481536.0
2325.841344,53.6,2333481728.0
2326.849404,53.7,2334481408.0
2327.859434,54.0,2335531776.0
2328.871767,53.6,2336531456.0
2329.880960,53.5,2337531648.0
2330.886974,53.7,2338531840.0
2331.893924,54.1,2339531520.0
2332.900921,53.7,2340531456.0
2333.909993,53.7,2341581568.0
2334.923942,53.7,2342581504.0
2335.933042,53.6,2343581184.0
2336.940959,53.7,2344581888.0
2337.947924,53.8,2345581568.0
2338.956757,53.5,2346630912.0
2339.971450,53.8,2347631360.0
2340.980229,53.6,2348631296.0
2341.987830,53.9,2349631488.0
2342.994925,53.6,2350631424.0
2344.002673,53.6,2351631872.0
2345.010916,53.6,2352681472.0
2346.023939,53.7,2353681408.0
2347.032946,53.6,2354681600.0
2348.040952,54.0,2355682048.0
2349.047933,54.1,2356681472.0
2350.055934,53.7,2357681664.0
2351.063921,53.3,2358731264.0
2352.075930,53.7,2359731712.0
2353.083928,53.6,2360731648.0
2354.093611,53.9,2361731328.0
2355.101875,53.7,2362731520.0
2356.110251,53.5,2363781632.0
2357.123765,53.6,2364781312.0
2358.132087,53.7,2365781760.0
2359.138945,53.8,2366781696.0
2360.146635,53.6,2367781632.0
2361.155577,53.6,2368781056.0
2362.164545,54.1,2369831168.0
2363.178052,53.8,2370831360.0
2364.186569,53.6,2371831552.0
2365.195763,53.7,2372831232.0
2366.205929,53.4,2373830912.0
2367.214759,53.3,2374881792.0
2368.227925,53.7,2375881216.0
2369.236167,53.7,2376880896.0
2370.246213,53.6,2377881344.0
2371.254934,53.1,2378881024.0
2372.262929,53.5,2379930880.0
2373.277154,53.8,2380931584.0
2374.286391,53.9,2381931264.0
2375.295335,53.9,2382931200.0
2376.303772,53.5,2383931904.0
2377.312814,53.8,2384981504.0
2378.325505,53.5,2385980672.0
2379.334498,53.8,2386981120.0
2380.342917,53.5,2387980800.0
2381.349775,53.5,2388980992.0
2382.358927,53.6,2389980928.0
2383.367530,53.5,2391031296.0
2384.379385,53.8,2392031488.0
2385.388185,53.6,2393030912.0
2386.396337,53.5,2394031104.0
2387.406021,53.8,2395031296.0
2388.416025,53.5,2396081408.0
2389.429758,53.6,2397081600.0
2390.437882,53.6,2398081024.0
2391.447198,53.7,2399081472.0
2392.456124,53.1,2400080640.0
2393.464870,53.4,2401131008.0
2394.477926,53.8,2402131456.0
2395.485936,53.5,2403130880.0
2396.493840,53.6,2404130816.0
2397.500924,53.7,2405130496.0
2398.509931,53.3,2406130432.0
2399.523479,53.6,2407181056.0
2400.533257,53.6,2408180992.0
2401.541136,53.3,2409181184.0
2402.549548,53.5,2410180864.0
2403.559514,53.4,2411180800.0
2404.569552,53.5,2412230656.0
2405.579569,53.5,2413231104.0
2406.588276,53.6,2414231040.0
2407.596555,53.8,2415230976.0
2408.603958,53.6,2416230656.0
2409.613473,,
2415.622564,,
2421.631025,53.7,2432330752.0
2425.718018,53.5,2433380864.0
2426.729916,53.7,2434380544.0
2427.736933,53.6,2435380736.0
2428.745924,53.7,2436380416.0
2429.753189,53.5,2437380864.0
2430.762977,53.5,2438430720.0
2431.776291,53.4,2439430656.0
2432.785932,53.4,2440430592.0
2433.793151,53.7,2441430528.0
2434.799939,53.7,2442431232.0
2435.809316,53.4,2443430400.0
2436.817919,53.2,2444480256.0
2437.830680,53.7,2445480960.0
2438.837934,53.5,2446480384.0
2439.846776,53.7,2447480576.0
2440.854677,53.7,2448480256.0
2441.864638,53.8,2449530624.0
2442.877836,53.5,2450530304.0
2443.887292,53.6,2451530240.0
2444.895657,53.4,2452530944.0
2445.902946,53.4,2453531136.0
2446.912513,53.7,2454530816.0
2447.926272,53.6,2455580416.0
2448.935081,53.4,2456580864.0
2449.941838,53.8,2457580800.0
2450.950126,53.4,2458580224.0
2451.959448,53.3,2459579904.0
2452.968247,53.4,2460630016.0
2453.981600,53.8,2461630208.0
2454.990962,53.5,2462630144.0
2456.000047,53.7,2463630336.0
2457.009198,53.7,2464630784.0
2458.018491,53.4,2465680384.0
2459.032333,53.4,2466680576.0
2460.041289,53.6,2467680000.0
2461.049858,53.5,2468680192.0
2462.059375,53.6,2469680640.0
2463.068821,53.6,2470730752.0
2464.081938,53.6,2471730176.0
2465.089723,53.6,2472730112.0
2466.098215,53.6,2473730048.0
2467.106544,53.5,2474730240.0
2468.114923,53.5,2475781120.0
2469.128017,53.5,2476780032.0
2470.136925,53.9,2477780736.0
2471.143712,53.7,2478779904.0
2472.150924,53.6,2479780096.0
2473.158279,53.3,2480780032.0
2474.168040,53.4,2481830144.0
2475.180943,53.6,2482830592.0
2476.189624,53.7,2483829760.0
2477.198157,53.6,2484829952.0
2478.204964,53.5,2485830400.0
2479.214746,54.0,2486880000.0
2480.229000,53.6,2487880704.0
2481.238766,54.0,2488879616.0
2482.248241,54.0,2489879808.0
2483.256107,53.7,2490880000.0
2484.266722,54.2,2491930368.0
2485.281671,53.5,2492929536.0
2486.290632,53.7,2493929216.0
2487.299537,53.7,2494929664.0
2488.307768,53.5,2495929600.0
2489.317754,53.6,2496979968.0
2490.332891,53.3,2497979904.0
2491.341365,53.4,2498979840.0
2492.350392,53.5,2499979776.0
2493.358816,53.9,2500979456.0
2494.367487,53.4,2502029824.0
2495.380054,53.7,2503029760.0
2496.389429,53.5,2504029440.0
2497.397473,53.7,2505029632.0
2498.405745,53.4,2506029568.0
2499.416161,53.8,2507079936.0
2500.430341,53.6,2508080384.0
2501.440313,53.5,2509080064.0
2502.449006,53.5,2510080000.0
2503.457790,53.4,2511079680.0
2504.467454,53.6,2512129792.0
2505.481398,53.7,2513129984.0
2506.490397,53.5,2514129920.0
2507.498960,53.4,2515129600.0
2508.507433,53.6,2516129024.0
2509.517220,53.6,2517179648.0
2510.531345,53.6,2518179584.0
2511.540949,53.6,2519179520.0
2512.549716,53.5,2520179968.0
2513.558053,53.4,2521179904.0
2514.568400,53.5,2522229760.0
2515.582026,53.7,2523229440.0
2516.591106,53.7,2524229120.0
2517.599559,53.5,2525229312.0
2518.607099,53.6,2526229760.0
2519.617802,53.4,2527279872.0
2520.631626,53.4,2528279296.0
2521.641013,53.5,2529280000.0
2522.648915,53.2,2530279168.0
2523.654917,53.7,2531279872.0
2524.663929,53.5,2532279552.0
2525.673599,53.4,2533329152.0
2526.683962,53.6,2535329536.0
2528.698828,53.6,2536329472.0
2529.706590,53.6,2537329664.0
2530.715949,53.7,2538329856.0
2531.730307,53.7,2539379968.0
2532.739991,53.6,2540379392.0
2533.746926,53.7,2541379840.0
2534.754190,53.8,2542380032.0
2535.762449,53.5,2543380224.0
2536.769924,53.5,2544429312.0
2537.783282,53.6,2545430016.0
2538.791786,53.4,2546429440.0
2539.800677,53.3,2547429376.0
2540.807934,53.5,2548429568.0
2541.818305,53.8,2549479680.0
2542.832235,53.5,2550479104.0
2543.841687,53.7,2551479040.0
2544.851163,53.6,2552479232.0
2545.858992,53.7,2553478912.0
2546.869689,53.9,2554529280.0
2547.883958,53.8,2555529216.0
2548.892402,53.7,2556529664.0
2549.900942,53.5,2557529600.0
2550.907935,53.6,2558529792.0
2551.918409,53.5,2559579392.0
2552.932000,53.5,2560579328.0
2553.941409,53.6,2561579008.0
2554.950441,53.6,2562579200.0
2555.957920,53.6,2563579136.0
2556.967757,53.6,2564629504.0
2557.980915,53.5,2565629184.0
2558.988919,53.4,2566629632.0
2559.994956,53.6,2567629312.0
2561.009992,53.3,2568628992.0
2562.019417,53.8,2569679616.0
2563.031771,53.4,2571379456.0
2564.746683,53.7,2572379904.0
2565.755874,53.6,2573380608.0
2566.765719,53.6,2574379776.0
2567.775776,53.3,2575429120.0
2568.786525,53.5,2576429056.0
2569.795035,53.3,2577428992.0
2570.802943,53.4,2578429440.0
2571.810058,53.3,2579429376.0
2572.820564,53.4,2580479232.0
2573.835599,53.8,2581479424.0
2574.844537,53.7,2582479104.0
2575.853768,53.4,2583479040.0
2576.863872,53.5,2584478720.0
2577.874256,53.2,2585529088.0
2578.887398,53.6,2586529024.0
2579.895832,53.6,2587528704.0
2580.905002,53.4,2588528896.0
2581.914144,53.7,2589528576.0
2582.923249,53.5,2590578944.0
2583.936876,53.4,2591578880.0
2584.945950,53.6,2592578560.0
2585.955275,53.5,2593579008.0
2586.964832,53.8,2594579456.0
2587.974365,53.8,2595629056.0
2588.987297,53.5,2596628736.0
2589.996263,53.5,2597628928.0
2591.004292,53.5,2598628864.0
2592.011495,53.3,2599628544.0
2593.021926,53.5,2600678400.0
2594.034966,53.3,2601679360.0
2595.043792,53.7,2602679808.0
2596.052980,53.9,2603678720.0
2597.060378,53.5,2604679424.0
2598.070060,53.8,2606628864.0
2600.007558,53.5,2607628800.0
2601.020488,53.9,2608679168.0
2602.033953,53.8,2609679104.0
2603.044036,53.5,2610678784.0
2604.050960,53.2,2611678720.0
2605.059029,53.5,2612678912.0
2606.069801,53.6,2614629376.0
2608.006889,53.6,2615629056.0
2609.020644,53.7,2616679424.0
2610.035177,53.6,2617679104.0
2611.045153,53.4,2618679808.0
2612.054574,53.8,2619678976.0
2613.062257,53.6,2620678912.0
2614.073124,53.5,2622628864.0
2616.011975,53.4,2623628800.0
2617.021379,53.4,2624678912.0
2618.035782,53.4,2625678848.0
2619.044577,53.5,2626678784.0
2620.054318,53.3,2627678976.0
2621.062194,53.5,2628679168.0
2622.072190,53.5,2629728768.0
2623.086957,53.3,2630729216.0
2624.094942,54.1,2631729408.0
2625.102794,53.6,2632729344.0
2626.109927,53.7,2633729024.0
2627.118515,53.3,2634728960.0
2628.133087,53.7,2635778560.0
2629.142308,53.6,2636778496.0
2630.149510,53.7,2638628864.0
2632.006204,53.8,2639628800.0
2633.021379,53.6,2640678912.0
2634.036062,53.5,2641678848.0
2635.045156,53.5,2642678784.0
2636.054077,53.5,2643678976.0
2637.061312,53.3,2644679424.0
2638.071980,53.7,2646629120.0
2640.006796,53.4,2647629056.0
2641.021822,53.5,2648678912.0
2642.035770,53.3,2649679104.0
2643.045824,53.7,2650678784.0
2644.054964,53.7,2651678976.0
2645.062942,53.8,2652678656.0
2646.071969,53.4,2654328576.0
2647.694656,53.5,2655328512.0
2648.701745,53.4,2656328960.0
2649.708978,53.4,2657328128.0
2650.718500,53.6,2658327808.0
2651.727613,53.4,2659378944.0
2652.739578,53.3,2660378880.0
2653.747813,53.7,2661378816.0
2654.757122,53.7,2662379008.0
2655.766009,53.1,2663379968.0
2656.775655,53.4,2664428800.0
2657.789003,54.1,2665427968.0
2658.797572,53.4,2666428928.0
2659.806600,53.7,2667428864.0
2660.815296,53.6,2668428032.0
2661.824924,53.6,2669478144.0
2662.838863,53.5,2670477824.0
2663.847601,53.7,2671479296.0
2664.856775,53.5,2672478208.0
2665.866012,53.3,2673478912.0
2666.875619,53.4,2674528768.0
2667.889211,53.3,2675528960.0
2668.897955,53.7,2676528128.0
2669.906995,53.4,2677528576.0
2670.914994,53.8,2678528256.0
2671.924824,53.3,2679578112.0
2672.939117,53.5,2680578304.0
2673.948001,53.6,2681578240.0
2674.956960,53.8,2682577920.0
2675.965431,53.3,2683578368.0
2676.975677,53.5,2684628224.0
2677.989638,53.5,2685628416.0
2678.997819,53.6,2686628352.0
2680.005417,53.6,2687628032.0
2681.012776,53.4,2688628480.0
2682.021950,53.5,2689678848.0
2683.034927,53.6,2690678016.0
2684.042935,53.5,2691677952.0
2685.049924,53.4,2692678144.0
2686.057943,54.0,2693678336.0
2687.064475,53.2,2694678784.0
2688.073990,53.2,2695728384.0
2689.086938,53.4,2696728064.0
2690.096337,53.6,2697728000.0
2691.104759,53.3,2698728704.0
2692.113058,53.3,2699729152.0
2693.123444,53.6,2700778496.0
2694.136738,53.7,2701778176.0
2695.147029,53.7,2702778368.0
2696.154251,53.3,2703779072.0
2697.163001,53.5,2704778240.0
2698.173707,53.6,2705828864.0
2699.187368,53.4,2706827520.0
2700.196520,53.6,2707827968.0
2701.205464,53.4,2708827392.0
2702.213664,53.8,2709828096.0
2703.224031,53.1,2710877696.0
2704.237790,53.5,2711878656.0
2705.247697,53.5,2712877056.0
2706.257335,53.5,2713877504.0
2707.265775,53.6,2714877440.0
2708.275056,53.4,2715928064.0
2709.289687,53.5,2716927488.0
2710.298697,53.4,2717927680.0
2711.307143,53.4,2718927616.0
2712.314806,53.4,2719927552.0
2713.325559,53.3,2720978432.0
2714.339433,53.2,2721977344.0
2715.348177,53.1,2722977536.0
2716.355883,53.7,2723977472.0
2717.364676,53.4,2724977408.0
2718.375434,53.8,2726027776.0
2719.388506,53.4,2727027200.0
2720.398176,53.4,2728027648.0
2721.407264,53.3,2729027072.0
2722.416332,53.4,2730027520.0
2723.426108,53.3,2731076864.0
2724.440035,53.4,2732077824.0
2725.448781,53.5,2733077504.0
2726.457924,53.2,2734077952.0
2727.465335,53.3,2735077632.0
2728.475269,53.4,2736127488.0
2729.489361,53.4,2737127168.0
2730.498842,53.2,2738126848.0
2731.507247,53.3,2739127040.0
2732.514680,53.6,2740127488.0
2733.524193,53.5,2741177088.0
2734.538767,53.4,2742176768.0
2735.548308,53.5,2743176960.0
2736.556805,53.2,2744177152.0
2737.564226,53.6,2745177600.0
2738.574581,53.5,2746227200.0
2739.587639,53.4,2747227136.0
2740.597695,53.7,2748227328.0
2741.606846,53.4,2749227776.0
2742.615086,53.4,2750226944.0
2743.625123,53.3,2751277568.0
2744.638973,53.4,2752277504.0
2745.648386,53.2,2753277696.0
2746.656667,53.7,2754276864.0
2747.665604,53.7,2755277056.0
2748.675461,53.4,2756327936.0
2749.689785,53.5,2757327616.0
2750.699300,53.2,2758327552.0
2751.707532,53.3,2759327232.0
2752.715339,53.7,2760327680.0
2753.725935,53.3,2761377792.0
2754.739508,53.4,2762377472.0
2755.749310,53.9,2763377920.0
2756.757726,53.6,2764378112.0
2757.765641,53.6,2765377792.0
2758.775961,53.7,2766427136.0
2759.789007,53.5,2767427072.0
2760.798533,53.5,2768427776.0
2761.806750,53.5,2769427456.0
2762.814579,53.4,2770427136.0
2763.823945,53.5,2771476992.0
2764.837080,53.4,2772477184.0
2765.846620,53.6,2773476864.0
2766.854932,53.5,2774477056.0
2767.863869,53.4,2775477248.0
2768.873393,53.5,2776477184.0
2769.887274,53.5,2777526784.0
2770.897566,53.4,2778526976.0
2771.905748,53.4,2779527168.0
2772.914131,53.2,2780527104.0
2773.923054,53.2,2781527040.0
2774.937744,53.5,2782577408.0
2775.947183,53.5,2783576832.0
2776.955853,53.4,2784577024.0
2777.964623,53.5,2785576960.0
2778.974782,53.5,2786627072.0
2779.988761,53.4,2787627264.0
2780.998508,53.7,2788627200.0
2782.005773,53.4,2789626624.0
2783.013197,53.5,2790626816.0
2784.021395,53.5,2791626496.0
2785.030156,53.5,2792677120.0
2786.043182,53.4,2793676288.0
2787.050949,53.5,2794676992.0
2788.058455,53.5,2795676672.0
2789.066441,53.4,2796677120.0
2790.076868,53.2,2797727232.0
2791.089928,53.4,2798726656.0
2792.098923,53.2,2799726848.0
2793.107224,53.7,2800727040.0
2794.113953,53.6,2801727488.0
2795.123274,53.3,2802726912.0
2796.131271,53.5,2803776768.0
2797.143581,53.2,2804776960.0
2798.152014,53.3,2805777408.0
2799.162374,53.4,2807627008.0
2801.006851,53.4,2808626688.0
2802.015381,53.6,2809626624.0
2803.023922,53.5,2811626496.0
2805.008942,53.6,2812626944.0
2806.017007,53.6,2813626368.0
2807.027363,53.2,2814677504.0
2808.039917,53.2,2815677696.0
2809.049832,53.4,2816676864.0
2810.058680,53.3,2817677312.0
2811.066682,53.4,2819626752.0
2813.005938,53.7,2820626688.0
2814.017929,53.4,2821626624.0
2815.027843,53.4,2822677248.0
2816.041986,53.4,2823677440.0
2817.050934,53.7,2824677120.0
2818.059331,53.4,2825677056.0
2819.066971,53.5,2827626496.0
2821.006986,53.3,2828626688.0
2822.015956,53.4,2829626624.0
2823.024971,53.6,2830626304.0
2824.038929,53.4,2831676928.0
2825.048250,53.5,2832677120.0
2826.056507,53.6,2833676800.0
2827.064830,53.5,2835626752.0
2829.013747,53.1,2836626176.0
2830.021647,53.3,2837626368.0
2831.029986,53.2,2838677248.0
2832.042947,53.3,2839676928.0
2833.052219,53.4,2840676864.0
2834.060585,53.3,2841677056.0
2835.068450,53.5,2843627008.0
2837.008429,53.5,2844626176.0
2838.016981,53.3,2845625600.0
2839.026751,53.4,2846676736.0
2840.040102,53.3,2847677952.0
2841.049715,53.3,2848676864.0
2842.057065,53.3,2849676800.0
2843.064947,53.6,2851626240.0
2845.006329,53.7,2852626176.0
2846.013886,53.4,2853626112.0
2847.020861,53.1,2854626048.0
2848.030375,53.2,2855677440.0
2849.043997,53.2,2856676608.0
2850.052931,53.8,2857676800.0
2851.060997,53.2,2859625984.0
2853.006922,53.5,2860625920.0
2854.015951,53.6,2861626368.0
2855.025104,53.2,2862626560.0
2856.034553,,
2862.045077,,
2868.052949,53.5,2877726464.0
2871.096155,53.2,2878726144.0
2872.104493,53.5,2879726080.0
2873.112199,53.3,2880726784.0
2874.120921,53.8,2881725952.0
2875.128932,53.2,2882776064.0
2876.142696,53.4,2883775744.0
2877.152424,53.3,2884775680.0
2878.161272,53.4,2885776128.0
2879.169313,53.3,2886776064.0
2880.178952,53.4,2887826432.0
2881.192572,53.3,2888826112.0
2882.202540,53.6,2889825792.0
2883.210936,53.6,2890826240.0
2884.219648,53.4,2891826176.0
2885.230796,53.7,2892876032.0
2886.245881,53.4,2893876224.0
2887.254465,53.2,2894875136.0
2888.264470,53.5,2895875072.0
2889.272484,53.5,2896875520.0
2890.282604,53.4,2897925888.0
2891.296703,53.3,2898926080.0
2892.304291,53.3,2899925760.0
2893.312249,53.3,2900925696.0
2894.318969,53.5,2901925376.0
2895.330018,53.3,2902976000.0
2896.343281,53.6,2903975424.0
2897.351921,53.4,2904975360.0
2898.359054,53.9,2905975552.0
2899.368508,53.4,2906975488.0
2900.377581,53.4,2908025856.0
2901.390936,53.2,2909025536.0
2902.399807,53.5,2910025728.0
2903.407156,53.2,2911026176.0
2904.416061,53.3,2912025856.0
2905.426147,53.4,2913025536.0
2906.436079,53.3,2914075392.0
2907.446262,53.3,2915076352.0
2908.454237,53.5,2916075776.0
2909.462233,53.5,2917075456.0
2910.470202,53.6,2918075904.0
2911.480787,53.4,2919125760.0
2912.494771,53.5,2920125184.0
2913.503949,53.7,2921125632.0
2914.512359,53.4,2922125568.0
2915.520772,53.3,2923125760.0
2916.530283,53.1,2924175872.0
2917.544173,53.4,2925175552.0
2918.552934,53.3,2926176256.0
2919.560805,53.3,2927175424.0
2920.569845,53.1,2928174848.0
2921.580421,53.4,2929225472.0
2922.593827,53.2,2930225664.0
2923.603400,53.2,2931225600.0
2924.611635,53.3,2932225024.0
2925.619957,53.1,2933225472.0
2926.631207,53.5,2934275840.0
2927.645869,53.5,2935275008.0
2928.655390,53.6,2936275712.0
2929.664611,53.5,2937275136.0
2930.672428,53.1,2938275072.0
2931.681686,53.5,2939325696.0
2932.694976,53.2,2940324864.0
2933.704144,53.4,2941325824.0
2934.710946,53.3,2942325504.0
2935.717942,53.4,2943325184.0
2936.727878,53.6,2944325632.0
2937.736915,53.5,2945376000.0
2938.747937,53.2,2946375936.0
2939.754936,53.3,2947375616.0
2940.763317,53.6,2948376064.0
2941.771245,53.2,2949375744.0
2942.782093,53.3,2950425856.0
2943.796635,53.1,2951425536.0
2944.805619,53.4,2952425472.0
2945.814666,53.2,2953425152.0
2946.821996,53.2,2954425344.0
2947.832215,53.7,2955475712.0
2948.846767,53.4,2956475648.0
2949.855740,53.3,2957475584.0
2950.865257,53.3,2958475264.0
2951.873962,53.5,2959474944.0
2952.881914,53.5,2960525568.0
2953.894923,53.3,2961525248.0
2954.905216,53.5,2962525184.0
2955.912470,53.2,2963625728.0
2957.006337,53.2,2964625152.0
2958.018533,53.5,2965625088.0
2959.027776,53.6,2966625536.0
2960.036632,53.4,2967676160.0
2961.048929,53.5,2968675840.0
2962.055942,53.3,2969675776.0
2963.062916,53.3,2970825472.0
2964.213409,53.4,2971825152.0
2965.222333,53.5,2972825088.0
2966.232806,53.5,2973874432.0
2967.246473,53.5,2974874624.0
2968.255752,53.3,2975874816.0
2969.263497,53.7,2976874752.0
2970.272410,53.3,2977874944.0
2971.282846,53.4,2978924288.0
2972.296648,53.5,2979924480.0
2973.305661,53.4,2980924160.0
2974.314794,53.0,2981924608.0
2975.323074,53.1,2982924544.0
2976.332996,53.1,2983974656.0
2977.346995,53.2,2984974336.0
2978.355550,53.2,2985974784.0
2979.363535,53.2,2986974976.0
2980.372101,53.1,2987974912.0
2981.382203,53.6,2989025536.0
2982.396425,53.0,2990024960.0
2983.405777,53.3,2991024896.0
2984.414090,53.4,2992024576.0
2985.422619,53.5,2993024768.0
2986.433130,53.3,2994074624.0
2987.447289,53.4,2995075072.0
2988.456490,53.4,2996074752.0
2989.464952,53.4,2997075456.0
2990.473320,53.1,2998074624.0
2991.482690,53.2,2999124992.0
2992.497119,53.5,3000124928.0
2993.506647,53.5,3001124608.0
2994.514609,53.4,3002125056.0
2995.522930,53.5,3003124992.0
2996.533064,53.3,3004174592.0
2997.545923,53.1,3005174528.0
2998.555520,53.3,3006174720.0
2999.564339,53.3,3007175424.0
3000.572397,53.3,3008174592.0
3001.582975,53.6,3009224960.0
3002.596319,53.1,3010224384.0
3003.606403,53.6,3011224320.0
3004.613925,53.2,3012224512.0
3005.620938,53.1,3013224960.0
3006.629129,53.5,3014224640.0
3007.637928,53.3,3015274752.0
3008.648868,53.3,3016274944.0
3009.657752,53.1,3017274880.0
3010.665546,53.1,3018274816.0
3011.672739,53.4,3019274496.0
3012.682935,53.3,3020324608.0
3013.695791,53.3,3021324800.0
3014.706015,53.4,3022324992.0
3015.714570,53.5,3023324416.0
3016.722454,53.4,3024324608.0
3017.732497,53.3,3025375232.0
3018.745550,53.6,3026374912.0
3019.754955,53.2,3027375104.0
3020.763258,53.4,3028374784.0
3021.771891,53.6,3029374720.0
3022.782874,53.3,3030425088.0
3023.797607,53.3,3031424768.0
3024.807358,53.4,3032424704.0
3025.815720,53.1,3033424640.0
3026.823936,53.5,3034424064.0
3027.833680,53.3,3035474944.0
3028.847084,53.6,3036474368.0
3029.855926,53.3,3037474048.0
3030.861916,53.6,3038473984.0
3031.870604,52.9,3039474432.0
3032.879827,53.2,3040474880.0
3033.888925,53.3,3041524992.0
3034.899800,53.5,3042524672.0
3035.909051,53.4,3043524608.0
3036.917954,53.1,3044524544.0
3037.927269,53.4,3045524224.0
3038.936833,53.2,3046574592.0
3039.950312,53.3,3047574528.0
3040.959258,53.3,3048574208.0
3041.968229,53.1,3049573888.0
3042.976041,53.4,3050573824.0
3043.985357,53.2,3051624448.0
3044.999036,53.1,3052624128.0
3046.007276,53.1,3053623808.0
